configuration,overlap_setting,chunk_id,title,core_source_unit_ids,overlap_source_unit_ids,retrieval_source_unit_ids,core_word_count,retrieval_word_count,core_text,retrieval_text
A_Fine,O0,A01,Chromosome Numbers in Living Organisms,"p23_u01, p23_u02, p23_u03, p23_u04, p23_u05",,"p23_u01, p23_u02, p23_u03, p23_u04, p23_u05",81,81,"الدرس (3): انقسام الخلايا
قامت هند بجولة في مزرعة جدها، ثم التقطت مجموعة من الصور لعدد من الكائنات الحية الموجودة فيها ثم بحثت وكتبت عدد الكروموسومات على كل منها، تأمل الصور الآتية، ثم أجب عن الأسئلة التي تليها.
تُظهر الصور أعداد الكروموسومات للكائنات الآتية: البطاطا 48، الحصان 64، النملة 48، الإنسان 46، الشمبانزي 48، الحمار 62، الخيار 14، الدجاج 78.
هل يوجد علاقة بين حجم الكائن الحي وعدد الكروموسومات في خلايا جسمه؟
هل عدد الكروموسومات يحدد صفات الكائن الحي؟ وضح ذلك.","الدرس (3): انقسام الخلايا
قامت هند بجولة في مزرعة جدها، ثم التقطت مجموعة من الصور لعدد من الكائنات الحية الموجودة فيها ثم بحثت وكتبت عدد الكروموسومات على كل منها، تأمل الصور الآتية، ثم أجب عن الأسئلة التي تليها.
تُظهر الصور أعداد الكروموسومات للكائنات الآتية: البطاطا 48، الحصان 64، النملة 48، الإنسان 46، الشمبانزي 48، الحمار 62، الخيار 14، الدجاج 78.
هل يوجد علاقة بين حجم الكائن الحي وعدد الكروموسومات في خلايا جسمه؟
هل عدد الكروموسومات يحدد صفات الكائن الحي؟ وضح ذلك."
A_Fine,O0,A02,Cell Division Activity and Purpose,"p24_u01, p24_u02, p24_u03, p24_u04",,"p24_u01, p24_u02, p24_u03, p24_u04",69,69,"يوجد في صفك نسخ عدة متماثلة من كتاب العلوم، وقد طبع من هذا الكتاب آلاف النسخ، لطلبة الصف الثامن في المدارس الفلسطينية، أما خلايا جسمك فتمر في أطوار عدة؛ لإنتاج نسخ متماثلة من الخلايا، دون استخدام ماكينات تصوير، فجسمك يحتاج إلى خلايا جديدة في كل وقت، لماذا؟
صف ما حدث للخلية الواحدة في الشكل.
ما الهدف من انقسام الخلايا؟
هل يستمر انقسام الخلايا بالسرعة نفسها مع التقدم في العمر؟","يوجد في صفك نسخ عدة متماثلة من كتاب العلوم، وقد طبع من هذا الكتاب آلاف النسخ، لطلبة الصف الثامن في المدارس الفلسطينية، أما خلايا جسمك فتمر في أطوار عدة؛ لإنتاج نسخ متماثلة من الخلايا، دون استخدام ماكينات تصوير، فجسمك يحتاج إلى خلايا جديدة في كل وقت، لماذا؟
صف ما حدث للخلية الواحدة في الشكل.
ما الهدف من انقسام الخلايا؟
هل يستمر انقسام الخلايا بالسرعة نفسها مع التقدم في العمر؟"
A_Fine,O0,A03,Chromatin and Preparation for Cell Division,"p24_u05, p24_u06, p24_u07",,"p24_u05, p24_u06, p24_u07",78,78,"كثير من الخلايا في أجسامنا تنقسم وتتكاثر، فتنتج خلايا جديدة، قد تكون مطابقة للخلايا الأصلية، أو غير مطابقة. وقبل انقسام الخلايا تكون الكروموسومات مفردة، وعلى شكل خيوط طويلة رفيعة ومتشابكة داخل النواة في الخلايا، تسمى شبكة كروماتينية.
ولا يمكن مشاهدتها على هيئة كروموسومات مستقلة بوضوح في حال عدم انقسام الخلية. يحدث تضاعف لمادة الوراثة (DNA) والعضيات، قبل البدء بعملية الانقسام.
يوضح الشكل مراحل تضاعف الكروموسومات في نواة الخلية: قبل التضاعف، تضاعف DNA، ثم ظهور نسخة أصلية ونسخة جديدة.","كثير من الخلايا في أجسامنا تنقسم وتتكاثر، فتنتج خلايا جديدة، قد تكون مطابقة للخلايا الأصلية، أو غير مطابقة. وقبل انقسام الخلايا تكون الكروموسومات مفردة، وعلى شكل خيوط طويلة رفيعة ومتشابكة داخل النواة في الخلايا، تسمى شبكة كروماتينية.
ولا يمكن مشاهدتها على هيئة كروموسومات مستقلة بوضوح في حال عدم انقسام الخلية. يحدث تضاعف لمادة الوراثة (DNA) والعضيات، قبل البدء بعملية الانقسام.
يوضح الشكل مراحل تضاعف الكروموسومات في نواة الخلية: قبل التضاعف، تضاعف DNA، ثم ظهور نسخة أصلية ونسخة جديدة."
A_Fine,O0,A04,Duplicated Chromosome Structure,"p25_u01, p25_u02, p25_u03, p25_u04, p25_u05, p25_u06, p25_u07",,"p25_u01, p25_u02, p25_u03, p25_u04, p25_u05, p25_u06, p25_u07",120,120,"حيث يظهر كل كروموسوم متضاعف تحت المجهر الإلكتروني مكوناً من كروماتيدين (كروماتيد أصلي وكروماتيد جديد). يرتبط كل كروماتيدين بنقطة تسمى السنترومير.
يوضح الشكل كروموسومات غير متضاعفة ثم كروموسومات متكاثرة متضاعفة، مع السنترومير والكروماتيدات الشقيقة.
أنواع انقسام الخلايا
المواد والأدوات: لوح كرتون أو خشبي رقيق (50 سم × 50 سم)، ومقص، وخيوط صوف ملونة، ومادة لاصقة.
خطوات العمل: 1- قص خيوط الصوف بأطوال مختلفة، ثم اربط كل خيطين متشابهين في اللون والطول من المنتصف بخيط من لون آخر، يمثل السنترومير. 2- ألصق أزواج الخيوط الملونة على اللوح الذي أحضرته. 3- أجب عن الأسئلة الآتية.
اقترح مواد وطرقاً أخرى لتمثيل الكروموسوم.
لو وضعت خيط الصوف أسفل عدسة محدبة كبيرة، أو شاهدته تحت المجهر التشريحي، ماذا ستلاحظ؟ وما وجه الشبه مع بنية الكروموسوم؟","حيث يظهر كل كروموسوم متضاعف تحت المجهر الإلكتروني مكوناً من كروماتيدين (كروماتيد أصلي وكروماتيد جديد). يرتبط كل كروماتيدين بنقطة تسمى السنترومير.
يوضح الشكل كروموسومات غير متضاعفة ثم كروموسومات متكاثرة متضاعفة، مع السنترومير والكروماتيدات الشقيقة.
أنواع انقسام الخلايا
المواد والأدوات: لوح كرتون أو خشبي رقيق (50 سم × 50 سم)، ومقص، وخيوط صوف ملونة، ومادة لاصقة.
خطوات العمل: 1- قص خيوط الصوف بأطوال مختلفة، ثم اربط كل خيطين متشابهين في اللون والطول من المنتصف بخيط من لون آخر، يمثل السنترومير. 2- ألصق أزواج الخيوط الملونة على اللوح الذي أحضرته. 3- أجب عن الأسئلة الآتية.
اقترح مواد وطرقاً أخرى لتمثيل الكروموسوم.
لو وضعت خيط الصوف أسفل عدسة محدبة كبيرة، أو شاهدته تحت المجهر التشريحي، ماذا ستلاحظ؟ وما وجه الشبه مع بنية الكروموسوم؟"
A_Fine,O0,A05,Somatic and Reproductive Cells,"p25_u08, p25_u09, p26_u01",,"p25_u08, p25_u09, p26_u01",61,61,"تتكون أجسام الكائنات الحية عديدة الخلايا التي تتكاثر جنسياً من نوعين رئيسين من الخلايا، هما:
الخلايا الجسمية: تشمل خلايا جسم الكائنات الحية الراقية، وتنقسم النواة بطريقة الانقسام المتساوي، وينتج عنه خليتان (ابنتان)، تحتوي كلاهما على العدد نفسه من الكروموسومات.
الخلايا التناسلية (الجنسية المنتجة للغاميتات): توجد في الأعضاء الجنسية الذكرية والأنثوية لدى معظم الحيوانات والنباتات، وتنقسم النواة بطريقة الانقسام المنصف منتجة الغاميتات.","تتكون أجسام الكائنات الحية عديدة الخلايا التي تتكاثر جنسياً من نوعين رئيسين من الخلايا، هما:
الخلايا الجسمية: تشمل خلايا جسم الكائنات الحية الراقية، وتنقسم النواة بطريقة الانقسام المتساوي، وينتج عنه خليتان (ابنتان)، تحتوي كلاهما على العدد نفسه من الكروموسومات.
الخلايا التناسلية (الجنسية المنتجة للغاميتات): توجد في الأعضاء الجنسية الذكرية والأنثوية لدى معظم الحيوانات والنباتات، وتنقسم النواة بطريقة الانقسام المنصف منتجة الغاميتات."
A_Fine,O0,A06,Interphase,"p26_u02, p26_u03",,"p26_u02, p26_u03",25,25,"انقسام الخلايا
قبل دخول الخلية في عملية الانقسام الخلوي تمر بمرحلة تحضيرية، تسمى الطور البيني، تنمو فيه الخلية ويزداد حجمها، وتتضاعف كمية المادة الوراثية (DNA).","انقسام الخلايا
قبل دخول الخلية في عملية الانقسام الخلوي تمر بمرحلة تحضيرية، تسمى الطور البيني، تنمو فيه الخلية ويزداد حجمها، وتتضاعف كمية المادة الوراثية (DNA)."
A_Fine,O0,A07,Purpose and Occurrence of Mitosis,p26_u04,,p26_u04,21,21,الانقسام المتساوي: يحدث في جميع خلايا الكائنات الحية وحيدة الخلية لتتكاثر مثل البراميسيوم، وعديدة الخلايا مثل الإنسان؛ للنمو، وتعويض الخلايا التالفة.,الانقسام المتساوي: يحدث في جميع خلايا الكائنات الحية وحيدة الخلية لتتكاثر مثل البراميسيوم، وعديدة الخلايا مثل الإنسان؛ للنمو، وتعويض الخلايا التالفة.
A_Fine,O0,A08,Mitosis Activity Introduction and Prophase,"p26_u05, p26_u06",,"p26_u05, p26_u06",26,26,"ادرس مراحل الانقسام المتساوي للخلية في الشكل أدناه، ثم أجب عن الأسئلة التي تليه.
الدور التمهيدي: تظهر كروموسومات قصيرة وغليظة متضاعفة، يختفي الغلاف النووي، وتختفي النوية.","ادرس مراحل الانقسام المتساوي للخلية في الشكل أدناه، ثم أجب عن الأسئلة التي تليه.
الدور التمهيدي: تظهر كروموسومات قصيرة وغليظة متضاعفة، يختفي الغلاف النووي، وتختفي النوية."
A_Fine,O0,A09,Metaphase,p26_u07,,p26_u07,17,17,الدور الاستوائي: تترتب الكروموسومات المتضاعفة فرادى في منتصف الخلية، وترتبط خيوط المغزل بسنترومير كل كروموسوم من القطبين.,الدور الاستوائي: تترتب الكروموسومات المتضاعفة فرادى في منتصف الخلية، وترتبط خيوط المغزل بسنترومير كل كروموسوم من القطبين.
A_Fine,O0,A10,Anaphase,p26_u08,,p26_u08,12,12,الدور الانفصالي: تتباعد الكروماتيدات الشقيقة بفعل انكماش خيوط المغزل كل إلى قطب.,الدور الانفصالي: تتباعد الكروماتيدات الشقيقة بفعل انكماش خيوط المغزل كل إلى قطب.
A_Fine,O0,A11,Telophase and Cytokinesis,"p26_u09, p26_u10",,"p26_u09, p26_u10",32,32,"الدور النهائي: تتجمع الكروموسومات الوليدة في منتصف كل خلية جديدة، ويبدأ الغلاف النووي بالتكون والسيتوبلازم بالانقسام.
انقسام السيتوبلازم: ينقسم السيتوبلازم وتنتج خليتان متماثلتان تحوي كل منهما على نفس عدد كروموسومات الخلية الأم.","الدور النهائي: تتجمع الكروموسومات الوليدة في منتصف كل خلية جديدة، ويبدأ الغلاف النووي بالتكون والسيتوبلازم بالانقسام.
انقسام السيتوبلازم: ينقسم السيتوبلازم وتنتج خليتان متماثلتان تحوي كل منهما على نفس عدد كروموسومات الخلية الأم."
A_Fine,O0,A12,Mitosis Questions,"p27_u01, p27_u02, p27_u03, p27_u04, p27_u05, p27_u06, p27_u07",,"p27_u01, p27_u02, p27_u03, p27_u04, p27_u05, p27_u06, p27_u07",59,59,"ماذا يحدث إذا لم تمر الخلية في الطور البيني؟
من خلال الشكل أعلاه، حدد الأدوار التي يمر بها الانقسام المتساوي؟
ما أهمية المريكزات، وخيوط المغزل في عملية الانقسام المتساوي؟
لماذا تترتب الكروموسومات فرادى في منتصف الخلية في الدور الاستوائي؟
هل الخلية المنقسمة حيوانية أم نباتية؟ فسر إجابتك.
ما عدد الخلايا الناتجة عن الانقسام؟
ما عدد الكروموسومات في الخلايا الناتجة؟","ماذا يحدث إذا لم تمر الخلية في الطور البيني؟
من خلال الشكل أعلاه، حدد الأدوار التي يمر بها الانقسام المتساوي؟
ما أهمية المريكزات، وخيوط المغزل في عملية الانقسام المتساوي؟
لماذا تترتب الكروموسومات فرادى في منتصف الخلية في الدور الاستوائي؟
هل الخلية المنقسمة حيوانية أم نباتية؟ فسر إجابتك.
ما عدد الخلايا الناتجة عن الانقسام؟
ما عدد الكروموسومات في الخلايا الناتجة؟"
A_Fine,O0,A13,Plant and Animal Cell Division,"p27_u08, p27_u09, p27_u10",,"p27_u08, p27_u09, p27_u10",55,55,"عرض معلم العلوم والحياة على طلبته الشكل الآتي، ساعد الطلبة في تحديد أهم نقاط الاختلاف بين انقسام كل من الخلية الحيوانية والخلية النباتية؟
يوضح الجزء الخاص بالخلية النباتية: الدور الانفصالي، الدور النهائي، انقسام السيتوبلازم، تجمعات بروتينية، أكياس غشائية، وتكون الصفيحة الوسطى.
يوضح الجزء الخاص بالخلية الحيوانية: الدور الانفصالي، الدور النهائي، انقسام السيتوبلازم، المريكز، وتخصر الغشاء.","عرض معلم العلوم والحياة على طلبته الشكل الآتي، ساعد الطلبة في تحديد أهم نقاط الاختلاف بين انقسام كل من الخلية الحيوانية والخلية النباتية؟
يوضح الجزء الخاص بالخلية النباتية: الدور الانفصالي، الدور النهائي، انقسام السيتوبلازم، تجمعات بروتينية، أكياس غشائية، وتكون الصفيحة الوسطى.
يوضح الجزء الخاص بالخلية الحيوانية: الدور الانفصالي، الدور النهائي، انقسام السيتوبلازم، المريكز، وتخصر الغشاء."
A_Fine,O0,A14,Meiosis,"p28_u01, p28_u02, p28_u03, p28_u04, p28_u05, p28_u06, p28_u07, p28_u08, p28_u09",,"p28_u01, p28_u02, p28_u03, p28_u04, p28_u05, p28_u06, p28_u07, p28_u08, p28_u09",132,132,"ادرس الشكل المجاور، وأجب عن الأسئلة الآتية.
يوضح الشكل خلية إنسان تحتوي على 46 كروموسوماً، ثم خلايا تحتوي على 23 كروموسوماً، وتنتهي العملية بأربع خلايا تحتوي كل منها على 23 كروموسوماً.
سم الخلايا التي يحدث فيها هذا النوع من الانقسام.
ما المقصود بالانقسام المنصف؟
ما عدد الخلايا الناتجة عنه؟
ما عدد الكروموسومات في الخلايا الناتجة؟
ماذا يطلق على الخلايا الناتجة؟
ماذا تتوقع أن يحدث إذا وقع خلل أثناء انقسام الخلية الجنسية المنتجة للغاميتات في الإنسان، وتنتج الحيوان المنوي، أو البويضة، بحيث يحتوي كل منهما على عدد كروموسومات أقل أو أكبر من العدد النصفي للكروموسومات؟
ينتج عن الانقسام المنصف لخلية تناسلية أربع خلايا، تحتوي كل منها على نصف العدد الأصلي من الكروموسومات في الخلية الأم وتسمى غاميتات، ويسهم هذا النوع من الانقسام في ثبات عدد الكروموسومات في خلايا النوع الواحد من الكائنات الحية.","ادرس الشكل المجاور، وأجب عن الأسئلة الآتية.
يوضح الشكل خلية إنسان تحتوي على 46 كروموسوماً، ثم خلايا تحتوي على 23 كروموسوماً، وتنتهي العملية بأربع خلايا تحتوي كل منها على 23 كروموسوماً.
سم الخلايا التي يحدث فيها هذا النوع من الانقسام.
ما المقصود بالانقسام المنصف؟
ما عدد الخلايا الناتجة عنه؟
ما عدد الكروموسومات في الخلايا الناتجة؟
ماذا يطلق على الخلايا الناتجة؟
ماذا تتوقع أن يحدث إذا وقع خلل أثناء انقسام الخلية الجنسية المنتجة للغاميتات في الإنسان، وتنتج الحيوان المنوي، أو البويضة، بحيث يحتوي كل منهما على عدد كروموسومات أقل أو أكبر من العدد النصفي للكروموسومات؟
ينتج عن الانقسام المنصف لخلية تناسلية أربع خلايا، تحتوي كل منها على نصف العدد الأصلي من الكروموسومات في الخلية الأم وتسمى غاميتات، ويسهم هذا النوع من الانقسام في ثبات عدد الكروموسومات في خلايا النوع الواحد من الكائنات الحية."
A_Fine,O0,A15,Down Syndrome Curriculum Context,"p28_u10, p28_u11",,"p28_u10, p28_u11",52,52,"متلازمة داون وقصة نجاح فلسطينية
هبة الشرفا فتاة فلسطينية من مدينة غزة، مصابة بمتلازمة داون، حصلت على وسام معلمة للمرحلة الأساسية؛ لإسهامها في تعليم الطلبة في جمعية «الحق في الحياة»، مع أنها لم تكمل دراستها، إلا أنها استطاعت أن تكون عضواً فاعلاً في المجتمع، وتركت أثراً إيجابياً في تعليم ذوي صعوبات التعلم.","متلازمة داون وقصة نجاح فلسطينية
هبة الشرفا فتاة فلسطينية من مدينة غزة، مصابة بمتلازمة داون، حصلت على وسام معلمة للمرحلة الأساسية؛ لإسهامها في تعليم الطلبة في جمعية «الحق في الحياة»، مع أنها لم تكمل دراستها، إلا أنها استطاعت أن تكون عضواً فاعلاً في المجتمع، وتركت أثراً إيجابياً في تعليم ذوي صعوبات التعلم."
A_Fine,O0,A16,Chromosome Number Change and Down Syndrome,"p28_u12, p29_u01, p29_u02, p29_u03, p29_u04, p29_u05, p29_u06, p29_u07",,"p28_u12, p29_u01, p29_u02, p29_u03, p29_u04, p29_u05, p29_u06, p29_u07",129,129,"إن عدد الكروموسومات في أنوية خلايا الكائن الحي ثابت، وأي تغير في عددها، نقص أو زيادة، يحدث تغيراً في صفات الكائن الحي وهو ما يسمى بالطفرة ففي كل خلية من
خلايا الإنسان العادي (46) كروموسوماً، ولكن يولد بعض الأطفال وعندهم زيادة كروموسوم فتحتوي كل خلية من خلايا الجسم على (47) كروموسوماً، ويطلق عليهم متلازمة داون.
تظهر على المصاب بمتلازمة داون بعض الصفات المظهرية الآتية: وجود ثنية إضافية في جفن العين، قصر القامة، رؤوسهم منبسطة، جبهتهم بارزة، لسانهم كبير الحجم، ذو أيد وأقدام قصيرة، يعاني معظمهم من صعوبات في التعلم.
هل التقيت شخصاً مصاباً بمتلازمة داون؟
كيف يمكنك مساعدتهم في الاندماج في المجتمع؟
نشاط (7) التعلم بالحياة
تحدث عن بعض حالات متلازمة داون، التي لها دور إيجابي في المجتمع.
لاحظ خريطة الكروموسومات لشخص مصاب بمتلازمة داون. استنتج سبب الاختلاف، ومكانه.","إن عدد الكروموسومات في أنوية خلايا الكائن الحي ثابت، وأي تغير في عددها، نقص أو زيادة، يحدث تغيراً في صفات الكائن الحي وهو ما يسمى بالطفرة ففي كل خلية من
خلايا الإنسان العادي (46) كروموسوماً، ولكن يولد بعض الأطفال وعندهم زيادة كروموسوم فتحتوي كل خلية من خلايا الجسم على (47) كروموسوماً، ويطلق عليهم متلازمة داون.
تظهر على المصاب بمتلازمة داون بعض الصفات المظهرية الآتية: وجود ثنية إضافية في جفن العين، قصر القامة، رؤوسهم منبسطة، جبهتهم بارزة، لسانهم كبير الحجم، ذو أيد وأقدام قصيرة، يعاني معظمهم من صعوبات في التعلم.
هل التقيت شخصاً مصاباً بمتلازمة داون؟
كيف يمكنك مساعدتهم في الاندماج في المجتمع؟
نشاط (7) التعلم بالحياة
تحدث عن بعض حالات متلازمة داون، التي لها دور إيجابي في المجتمع.
لاحظ خريطة الكروموسومات لشخص مصاب بمتلازمة داون. استنتج سبب الاختلاف، ومكانه."
A_Fine,O0,A17,Chromosome 21 and Meiosis Error,"p29_u08, p29_u09, p29_u10",,"p29_u08, p29_u09, p29_u10",72,72,"تظهر خريطة الكروموسومات وجود كروموسوم ثالث ضمن الزوج الكروموسومي الجسمي رقم (21).
لعلك لاحظت من الشكل المجاور أن الزوج الكروموسومي الجسمي (21) أضيف إليه كروموسوم ثالث، وسبب هذا حدوث خلل أثناء الانقسام المنصف في الخلايا الجنسية عند أحد الآباء، فينتج غاميت يحتوي على (24) كروموسوماً، وعندما يخصب بغاميت يحتوي العدد الطبيعي (23) كروموسوماً، ينتج فرد تحتوي خلاياه على (47) كروموسوماً.
وقد تم اكتشاف أول حالة عام 1866م، من قبل العالم (لانغدون داون).","تظهر خريطة الكروموسومات وجود كروموسوم ثالث ضمن الزوج الكروموسومي الجسمي رقم (21).
لعلك لاحظت من الشكل المجاور أن الزوج الكروموسومي الجسمي (21) أضيف إليه كروموسوم ثالث، وسبب هذا حدوث خلل أثناء الانقسام المنصف في الخلايا الجنسية عند أحد الآباء، فينتج غاميت يحتوي على (24) كروموسوماً، وعندما يخصب بغاميت يحتوي العدد الطبيعي (23) كروموسوماً، ينتج فرد تحتوي خلاياه على (47) كروموسوماً.
وقد تم اكتشاف أول حالة عام 1866م، من قبل العالم (لانغدون داون)."
A_Fine,O1,A01,Chromosome Numbers in Living Organisms,"p23_u01, p23_u02, p23_u03, p23_u04, p23_u05",,"p23_u01, p23_u02, p23_u03, p23_u04, p23_u05",81,81,"الدرس (3): انقسام الخلايا
قامت هند بجولة في مزرعة جدها، ثم التقطت مجموعة من الصور لعدد من الكائنات الحية الموجودة فيها ثم بحثت وكتبت عدد الكروموسومات على كل منها، تأمل الصور الآتية، ثم أجب عن الأسئلة التي تليها.
تُظهر الصور أعداد الكروموسومات للكائنات الآتية: البطاطا 48، الحصان 64، النملة 48، الإنسان 46، الشمبانزي 48، الحمار 62، الخيار 14، الدجاج 78.
هل يوجد علاقة بين حجم الكائن الحي وعدد الكروموسومات في خلايا جسمه؟
هل عدد الكروموسومات يحدد صفات الكائن الحي؟ وضح ذلك.","الدرس (3): انقسام الخلايا
قامت هند بجولة في مزرعة جدها، ثم التقطت مجموعة من الصور لعدد من الكائنات الحية الموجودة فيها ثم بحثت وكتبت عدد الكروموسومات على كل منها، تأمل الصور الآتية، ثم أجب عن الأسئلة التي تليها.
تُظهر الصور أعداد الكروموسومات للكائنات الآتية: البطاطا 48، الحصان 64، النملة 48، الإنسان 46، الشمبانزي 48، الحمار 62، الخيار 14، الدجاج 78.
هل يوجد علاقة بين حجم الكائن الحي وعدد الكروموسومات في خلايا جسمه؟
هل عدد الكروموسومات يحدد صفات الكائن الحي؟ وضح ذلك."
A_Fine,O1,A02,Cell Division Activity and Purpose,"p24_u01, p24_u02, p24_u03, p24_u04",p23_u05,"p23_u05, p24_u01, p24_u02, p24_u03, p24_u04",69,78,"يوجد في صفك نسخ عدة متماثلة من كتاب العلوم، وقد طبع من هذا الكتاب آلاف النسخ، لطلبة الصف الثامن في المدارس الفلسطينية، أما خلايا جسمك فتمر في أطوار عدة؛ لإنتاج نسخ متماثلة من الخلايا، دون استخدام ماكينات تصوير، فجسمك يحتاج إلى خلايا جديدة في كل وقت، لماذا؟
صف ما حدث للخلية الواحدة في الشكل.
ما الهدف من انقسام الخلايا؟
هل يستمر انقسام الخلايا بالسرعة نفسها مع التقدم في العمر؟","هل عدد الكروموسومات يحدد صفات الكائن الحي؟ وضح ذلك.
يوجد في صفك نسخ عدة متماثلة من كتاب العلوم، وقد طبع من هذا الكتاب آلاف النسخ، لطلبة الصف الثامن في المدارس الفلسطينية، أما خلايا جسمك فتمر في أطوار عدة؛ لإنتاج نسخ متماثلة من الخلايا، دون استخدام ماكينات تصوير، فجسمك يحتاج إلى خلايا جديدة في كل وقت، لماذا؟
صف ما حدث للخلية الواحدة في الشكل.
ما الهدف من انقسام الخلايا؟
هل يستمر انقسام الخلايا بالسرعة نفسها مع التقدم في العمر؟"
A_Fine,O1,A03,Chromatin and Preparation for Cell Division,"p24_u05, p24_u06, p24_u07",p24_u04,"p24_u04, p24_u05, p24_u06, p24_u07",78,88,"كثير من الخلايا في أجسامنا تنقسم وتتكاثر، فتنتج خلايا جديدة، قد تكون مطابقة للخلايا الأصلية، أو غير مطابقة. وقبل انقسام الخلايا تكون الكروموسومات مفردة، وعلى شكل خيوط طويلة رفيعة ومتشابكة داخل النواة في الخلايا، تسمى شبكة كروماتينية.
ولا يمكن مشاهدتها على هيئة كروموسومات مستقلة بوضوح في حال عدم انقسام الخلية. يحدث تضاعف لمادة الوراثة (DNA) والعضيات، قبل البدء بعملية الانقسام.
يوضح الشكل مراحل تضاعف الكروموسومات في نواة الخلية: قبل التضاعف، تضاعف DNA، ثم ظهور نسخة أصلية ونسخة جديدة.","هل يستمر انقسام الخلايا بالسرعة نفسها مع التقدم في العمر؟
كثير من الخلايا في أجسامنا تنقسم وتتكاثر، فتنتج خلايا جديدة، قد تكون مطابقة للخلايا الأصلية، أو غير مطابقة. وقبل انقسام الخلايا تكون الكروموسومات مفردة، وعلى شكل خيوط طويلة رفيعة ومتشابكة داخل النواة في الخلايا، تسمى شبكة كروماتينية.
ولا يمكن مشاهدتها على هيئة كروموسومات مستقلة بوضوح في حال عدم انقسام الخلية. يحدث تضاعف لمادة الوراثة (DNA) والعضيات، قبل البدء بعملية الانقسام.
يوضح الشكل مراحل تضاعف الكروموسومات في نواة الخلية: قبل التضاعف، تضاعف DNA، ثم ظهور نسخة أصلية ونسخة جديدة."
A_Fine,O1,A04,Duplicated Chromosome Structure,"p25_u01, p25_u02, p25_u03, p25_u04, p25_u05, p25_u06, p25_u07",p24_u07,"p24_u07, p25_u01, p25_u02, p25_u03, p25_u04, p25_u05, p25_u06, p25_u07",120,138,"حيث يظهر كل كروموسوم متضاعف تحت المجهر الإلكتروني مكوناً من كروماتيدين (كروماتيد أصلي وكروماتيد جديد). يرتبط كل كروماتيدين بنقطة تسمى السنترومير.
يوضح الشكل كروموسومات غير متضاعفة ثم كروموسومات متكاثرة متضاعفة، مع السنترومير والكروماتيدات الشقيقة.
أنواع انقسام الخلايا
المواد والأدوات: لوح كرتون أو خشبي رقيق (50 سم × 50 سم)، ومقص، وخيوط صوف ملونة، ومادة لاصقة.
خطوات العمل: 1- قص خيوط الصوف بأطوال مختلفة، ثم اربط كل خيطين متشابهين في اللون والطول من المنتصف بخيط من لون آخر، يمثل السنترومير. 2- ألصق أزواج الخيوط الملونة على اللوح الذي أحضرته. 3- أجب عن الأسئلة الآتية.
اقترح مواد وطرقاً أخرى لتمثيل الكروموسوم.
لو وضعت خيط الصوف أسفل عدسة محدبة كبيرة، أو شاهدته تحت المجهر التشريحي، ماذا ستلاحظ؟ وما وجه الشبه مع بنية الكروموسوم؟","يوضح الشكل مراحل تضاعف الكروموسومات في نواة الخلية: قبل التضاعف، تضاعف DNA، ثم ظهور نسخة أصلية ونسخة جديدة.
حيث يظهر كل كروموسوم متضاعف تحت المجهر الإلكتروني مكوناً من كروماتيدين (كروماتيد أصلي وكروماتيد جديد). يرتبط كل كروماتيدين بنقطة تسمى السنترومير.
يوضح الشكل كروموسومات غير متضاعفة ثم كروموسومات متكاثرة متضاعفة، مع السنترومير والكروماتيدات الشقيقة.
أنواع انقسام الخلايا
المواد والأدوات: لوح كرتون أو خشبي رقيق (50 سم × 50 سم)، ومقص، وخيوط صوف ملونة، ومادة لاصقة.
خطوات العمل: 1- قص خيوط الصوف بأطوال مختلفة، ثم اربط كل خيطين متشابهين في اللون والطول من المنتصف بخيط من لون آخر، يمثل السنترومير. 2- ألصق أزواج الخيوط الملونة على اللوح الذي أحضرته. 3- أجب عن الأسئلة الآتية.
اقترح مواد وطرقاً أخرى لتمثيل الكروموسوم.
لو وضعت خيط الصوف أسفل عدسة محدبة كبيرة، أو شاهدته تحت المجهر التشريحي، ماذا ستلاحظ؟ وما وجه الشبه مع بنية الكروموسوم؟"
A_Fine,O1,A05,Somatic and Reproductive Cells,"p25_u08, p25_u09, p26_u01",p25_u07,"p25_u07, p25_u08, p25_u09, p26_u01",61,82,"تتكون أجسام الكائنات الحية عديدة الخلايا التي تتكاثر جنسياً من نوعين رئيسين من الخلايا، هما:
الخلايا الجسمية: تشمل خلايا جسم الكائنات الحية الراقية، وتنقسم النواة بطريقة الانقسام المتساوي، وينتج عنه خليتان (ابنتان)، تحتوي كلاهما على العدد نفسه من الكروموسومات.
الخلايا التناسلية (الجنسية المنتجة للغاميتات): توجد في الأعضاء الجنسية الذكرية والأنثوية لدى معظم الحيوانات والنباتات، وتنقسم النواة بطريقة الانقسام المنصف منتجة الغاميتات.","لو وضعت خيط الصوف أسفل عدسة محدبة كبيرة، أو شاهدته تحت المجهر التشريحي، ماذا ستلاحظ؟ وما وجه الشبه مع بنية الكروموسوم؟
تتكون أجسام الكائنات الحية عديدة الخلايا التي تتكاثر جنسياً من نوعين رئيسين من الخلايا، هما:
الخلايا الجسمية: تشمل خلايا جسم الكائنات الحية الراقية، وتنقسم النواة بطريقة الانقسام المتساوي، وينتج عنه خليتان (ابنتان)، تحتوي كلاهما على العدد نفسه من الكروموسومات.
الخلايا التناسلية (الجنسية المنتجة للغاميتات): توجد في الأعضاء الجنسية الذكرية والأنثوية لدى معظم الحيوانات والنباتات، وتنقسم النواة بطريقة الانقسام المنصف منتجة الغاميتات."
A_Fine,O1,A06,Interphase,"p26_u02, p26_u03",p26_u01,"p26_u01, p26_u02, p26_u03",25,47,"انقسام الخلايا
قبل دخول الخلية في عملية الانقسام الخلوي تمر بمرحلة تحضيرية، تسمى الطور البيني، تنمو فيه الخلية ويزداد حجمها، وتتضاعف كمية المادة الوراثية (DNA).","الخلايا التناسلية (الجنسية المنتجة للغاميتات): توجد في الأعضاء الجنسية الذكرية والأنثوية لدى معظم الحيوانات والنباتات، وتنقسم النواة بطريقة الانقسام المنصف منتجة الغاميتات.
انقسام الخلايا
قبل دخول الخلية في عملية الانقسام الخلوي تمر بمرحلة تحضيرية، تسمى الطور البيني، تنمو فيه الخلية ويزداد حجمها، وتتضاعف كمية المادة الوراثية (DNA)."
A_Fine,O1,A07,Purpose and Occurrence of Mitosis,p26_u04,p26_u03,"p26_u03, p26_u04",21,44,الانقسام المتساوي: يحدث في جميع خلايا الكائنات الحية وحيدة الخلية لتتكاثر مثل البراميسيوم، وعديدة الخلايا مثل الإنسان؛ للنمو، وتعويض الخلايا التالفة.,"قبل دخول الخلية في عملية الانقسام الخلوي تمر بمرحلة تحضيرية، تسمى الطور البيني، تنمو فيه الخلية ويزداد حجمها، وتتضاعف كمية المادة الوراثية (DNA).
الانقسام المتساوي: يحدث في جميع خلايا الكائنات الحية وحيدة الخلية لتتكاثر مثل البراميسيوم، وعديدة الخلايا مثل الإنسان؛ للنمو، وتعويض الخلايا التالفة."
A_Fine,O1,A08,Mitosis Activity Introduction and Prophase,"p26_u05, p26_u06",p26_u04,"p26_u04, p26_u05, p26_u06",26,47,"ادرس مراحل الانقسام المتساوي للخلية في الشكل أدناه، ثم أجب عن الأسئلة التي تليه.
الدور التمهيدي: تظهر كروموسومات قصيرة وغليظة متضاعفة، يختفي الغلاف النووي، وتختفي النوية.","الانقسام المتساوي: يحدث في جميع خلايا الكائنات الحية وحيدة الخلية لتتكاثر مثل البراميسيوم، وعديدة الخلايا مثل الإنسان؛ للنمو، وتعويض الخلايا التالفة.
ادرس مراحل الانقسام المتساوي للخلية في الشكل أدناه، ثم أجب عن الأسئلة التي تليه.
الدور التمهيدي: تظهر كروموسومات قصيرة وغليظة متضاعفة، يختفي الغلاف النووي، وتختفي النوية."
A_Fine,O1,A09,Metaphase,p26_u07,p26_u06,"p26_u06, p26_u07",17,29,الدور الاستوائي: تترتب الكروموسومات المتضاعفة فرادى في منتصف الخلية، وترتبط خيوط المغزل بسنترومير كل كروموسوم من القطبين.,"الدور التمهيدي: تظهر كروموسومات قصيرة وغليظة متضاعفة، يختفي الغلاف النووي، وتختفي النوية.
الدور الاستوائي: تترتب الكروموسومات المتضاعفة فرادى في منتصف الخلية، وترتبط خيوط المغزل بسنترومير كل كروموسوم من القطبين."
A_Fine,O1,A10,Anaphase,p26_u08,p26_u07,"p26_u07, p26_u08",12,29,الدور الانفصالي: تتباعد الكروماتيدات الشقيقة بفعل انكماش خيوط المغزل كل إلى قطب.,"الدور الاستوائي: تترتب الكروموسومات المتضاعفة فرادى في منتصف الخلية، وترتبط خيوط المغزل بسنترومير كل كروموسوم من القطبين.
الدور الانفصالي: تتباعد الكروماتيدات الشقيقة بفعل انكماش خيوط المغزل كل إلى قطب."
A_Fine,O1,A11,Telophase and Cytokinesis,"p26_u09, p26_u10",p26_u08,"p26_u08, p26_u09, p26_u10",32,44,"الدور النهائي: تتجمع الكروموسومات الوليدة في منتصف كل خلية جديدة، ويبدأ الغلاف النووي بالتكون والسيتوبلازم بالانقسام.
انقسام السيتوبلازم: ينقسم السيتوبلازم وتنتج خليتان متماثلتان تحوي كل منهما على نفس عدد كروموسومات الخلية الأم.","الدور الانفصالي: تتباعد الكروماتيدات الشقيقة بفعل انكماش خيوط المغزل كل إلى قطب.
الدور النهائي: تتجمع الكروموسومات الوليدة في منتصف كل خلية جديدة، ويبدأ الغلاف النووي بالتكون والسيتوبلازم بالانقسام.
انقسام السيتوبلازم: ينقسم السيتوبلازم وتنتج خليتان متماثلتان تحوي كل منهما على نفس عدد كروموسومات الخلية الأم."
A_Fine,O1,A12,Mitosis Questions,"p27_u01, p27_u02, p27_u03, p27_u04, p27_u05, p27_u06, p27_u07",p26_u10,"p26_u10, p27_u01, p27_u02, p27_u03, p27_u04, p27_u05, p27_u06, p27_u07",59,75,"ماذا يحدث إذا لم تمر الخلية في الطور البيني؟
من خلال الشكل أعلاه، حدد الأدوار التي يمر بها الانقسام المتساوي؟
ما أهمية المريكزات، وخيوط المغزل في عملية الانقسام المتساوي؟
لماذا تترتب الكروموسومات فرادى في منتصف الخلية في الدور الاستوائي؟
هل الخلية المنقسمة حيوانية أم نباتية؟ فسر إجابتك.
ما عدد الخلايا الناتجة عن الانقسام؟
ما عدد الكروموسومات في الخلايا الناتجة؟","انقسام السيتوبلازم: ينقسم السيتوبلازم وتنتج خليتان متماثلتان تحوي كل منهما على نفس عدد كروموسومات الخلية الأم.
ماذا يحدث إذا لم تمر الخلية في الطور البيني؟
من خلال الشكل أعلاه، حدد الأدوار التي يمر بها الانقسام المتساوي؟
ما أهمية المريكزات، وخيوط المغزل في عملية الانقسام المتساوي؟
لماذا تترتب الكروموسومات فرادى في منتصف الخلية في الدور الاستوائي؟
هل الخلية المنقسمة حيوانية أم نباتية؟ فسر إجابتك.
ما عدد الخلايا الناتجة عن الانقسام؟
ما عدد الكروموسومات في الخلايا الناتجة؟"
A_Fine,O1,A13,Plant and Animal Cell Division,"p27_u08, p27_u09, p27_u10",p27_u07,"p27_u07, p27_u08, p27_u09, p27_u10",55,61,"عرض معلم العلوم والحياة على طلبته الشكل الآتي، ساعد الطلبة في تحديد أهم نقاط الاختلاف بين انقسام كل من الخلية الحيوانية والخلية النباتية؟
يوضح الجزء الخاص بالخلية النباتية: الدور الانفصالي، الدور النهائي، انقسام السيتوبلازم، تجمعات بروتينية، أكياس غشائية، وتكون الصفيحة الوسطى.
يوضح الجزء الخاص بالخلية الحيوانية: الدور الانفصالي، الدور النهائي، انقسام السيتوبلازم، المريكز، وتخصر الغشاء.","ما عدد الكروموسومات في الخلايا الناتجة؟
عرض معلم العلوم والحياة على طلبته الشكل الآتي، ساعد الطلبة في تحديد أهم نقاط الاختلاف بين انقسام كل من الخلية الحيوانية والخلية النباتية؟
يوضح الجزء الخاص بالخلية النباتية: الدور الانفصالي، الدور النهائي، انقسام السيتوبلازم، تجمعات بروتينية، أكياس غشائية، وتكون الصفيحة الوسطى.
يوضح الجزء الخاص بالخلية الحيوانية: الدور الانفصالي، الدور النهائي، انقسام السيتوبلازم، المريكز، وتخصر الغشاء."
A_Fine,O1,A14,Meiosis,"p28_u01, p28_u02, p28_u03, p28_u04, p28_u05, p28_u06, p28_u07, p28_u08, p28_u09",p27_u10,"p27_u10, p28_u01, p28_u02, p28_u03, p28_u04, p28_u05, p28_u06, p28_u07, p28_u08, p28_u09",132,146,"ادرس الشكل المجاور، وأجب عن الأسئلة الآتية.
يوضح الشكل خلية إنسان تحتوي على 46 كروموسوماً، ثم خلايا تحتوي على 23 كروموسوماً، وتنتهي العملية بأربع خلايا تحتوي كل منها على 23 كروموسوماً.
سم الخلايا التي يحدث فيها هذا النوع من الانقسام.
ما المقصود بالانقسام المنصف؟
ما عدد الخلايا الناتجة عنه؟
ما عدد الكروموسومات في الخلايا الناتجة؟
ماذا يطلق على الخلايا الناتجة؟
ماذا تتوقع أن يحدث إذا وقع خلل أثناء انقسام الخلية الجنسية المنتجة للغاميتات في الإنسان، وتنتج الحيوان المنوي، أو البويضة، بحيث يحتوي كل منهما على عدد كروموسومات أقل أو أكبر من العدد النصفي للكروموسومات؟
ينتج عن الانقسام المنصف لخلية تناسلية أربع خلايا، تحتوي كل منها على نصف العدد الأصلي من الكروموسومات في الخلية الأم وتسمى غاميتات، ويسهم هذا النوع من الانقسام في ثبات عدد الكروموسومات في خلايا النوع الواحد من الكائنات الحية.","يوضح الجزء الخاص بالخلية الحيوانية: الدور الانفصالي، الدور النهائي، انقسام السيتوبلازم، المريكز، وتخصر الغشاء.
ادرس الشكل المجاور، وأجب عن الأسئلة الآتية.
يوضح الشكل خلية إنسان تحتوي على 46 كروموسوماً، ثم خلايا تحتوي على 23 كروموسوماً، وتنتهي العملية بأربع خلايا تحتوي كل منها على 23 كروموسوماً.
سم الخلايا التي يحدث فيها هذا النوع من الانقسام.
ما المقصود بالانقسام المنصف؟
ما عدد الخلايا الناتجة عنه؟
ما عدد الكروموسومات في الخلايا الناتجة؟
ماذا يطلق على الخلايا الناتجة؟
ماذا تتوقع أن يحدث إذا وقع خلل أثناء انقسام الخلية الجنسية المنتجة للغاميتات في الإنسان، وتنتج الحيوان المنوي، أو البويضة، بحيث يحتوي كل منهما على عدد كروموسومات أقل أو أكبر من العدد النصفي للكروموسومات؟
ينتج عن الانقسام المنصف لخلية تناسلية أربع خلايا، تحتوي كل منها على نصف العدد الأصلي من الكروموسومات في الخلية الأم وتسمى غاميتات، ويسهم هذا النوع من الانقسام في ثبات عدد الكروموسومات في خلايا النوع الواحد من الكائنات الحية."
A_Fine,O1,A15,Down Syndrome Curriculum Context,"p28_u10, p28_u11",p28_u09,"p28_u09, p28_u10, p28_u11",52,90,"متلازمة داون وقصة نجاح فلسطينية
هبة الشرفا فتاة فلسطينية من مدينة غزة، مصابة بمتلازمة داون، حصلت على وسام معلمة للمرحلة الأساسية؛ لإسهامها في تعليم الطلبة في جمعية «الحق في الحياة»، مع أنها لم تكمل دراستها، إلا أنها استطاعت أن تكون عضواً فاعلاً في المجتمع، وتركت أثراً إيجابياً في تعليم ذوي صعوبات التعلم.","ينتج عن الانقسام المنصف لخلية تناسلية أربع خلايا، تحتوي كل منها على نصف العدد الأصلي من الكروموسومات في الخلية الأم وتسمى غاميتات، ويسهم هذا النوع من الانقسام في ثبات عدد الكروموسومات في خلايا النوع الواحد من الكائنات الحية.
متلازمة داون وقصة نجاح فلسطينية
هبة الشرفا فتاة فلسطينية من مدينة غزة، مصابة بمتلازمة داون، حصلت على وسام معلمة للمرحلة الأساسية؛ لإسهامها في تعليم الطلبة في جمعية «الحق في الحياة»، مع أنها لم تكمل دراستها، إلا أنها استطاعت أن تكون عضواً فاعلاً في المجتمع، وتركت أثراً إيجابياً في تعليم ذوي صعوبات التعلم."
A_Fine,O1,A16,Chromosome Number Change and Down Syndrome,"p28_u12, p29_u01, p29_u02, p29_u03, p29_u04, p29_u05, p29_u06, p29_u07",p28_u11,"p28_u11, p28_u12, p29_u01, p29_u02, p29_u03, p29_u04, p29_u05, p29_u06, p29_u07",129,176,"إن عدد الكروموسومات في أنوية خلايا الكائن الحي ثابت، وأي تغير في عددها، نقص أو زيادة، يحدث تغيراً في صفات الكائن الحي وهو ما يسمى بالطفرة ففي كل خلية من
خلايا الإنسان العادي (46) كروموسوماً، ولكن يولد بعض الأطفال وعندهم زيادة كروموسوم فتحتوي كل خلية من خلايا الجسم على (47) كروموسوماً، ويطلق عليهم متلازمة داون.
تظهر على المصاب بمتلازمة داون بعض الصفات المظهرية الآتية: وجود ثنية إضافية في جفن العين، قصر القامة، رؤوسهم منبسطة، جبهتهم بارزة، لسانهم كبير الحجم، ذو أيد وأقدام قصيرة، يعاني معظمهم من صعوبات في التعلم.
هل التقيت شخصاً مصاباً بمتلازمة داون؟
كيف يمكنك مساعدتهم في الاندماج في المجتمع؟
نشاط (7) التعلم بالحياة
تحدث عن بعض حالات متلازمة داون، التي لها دور إيجابي في المجتمع.
لاحظ خريطة الكروموسومات لشخص مصاب بمتلازمة داون. استنتج سبب الاختلاف، ومكانه.","هبة الشرفا فتاة فلسطينية من مدينة غزة، مصابة بمتلازمة داون، حصلت على وسام معلمة للمرحلة الأساسية؛ لإسهامها في تعليم الطلبة في جمعية «الحق في الحياة»، مع أنها لم تكمل دراستها، إلا أنها استطاعت أن تكون عضواً فاعلاً في المجتمع، وتركت أثراً إيجابياً في تعليم ذوي صعوبات التعلم.
إن عدد الكروموسومات في أنوية خلايا الكائن الحي ثابت، وأي تغير في عددها، نقص أو زيادة، يحدث تغيراً في صفات الكائن الحي وهو ما يسمى بالطفرة ففي كل خلية من
خلايا الإنسان العادي (46) كروموسوماً، ولكن يولد بعض الأطفال وعندهم زيادة كروموسوم فتحتوي كل خلية من خلايا الجسم على (47) كروموسوماً، ويطلق عليهم متلازمة داون.
تظهر على المصاب بمتلازمة داون بعض الصفات المظهرية الآتية: وجود ثنية إضافية في جفن العين، قصر القامة، رؤوسهم منبسطة، جبهتهم بارزة، لسانهم كبير الحجم، ذو أيد وأقدام قصيرة، يعاني معظمهم من صعوبات في التعلم.
هل التقيت شخصاً مصاباً بمتلازمة داون؟
كيف يمكنك مساعدتهم في الاندماج في المجتمع؟
نشاط (7) التعلم بالحياة
تحدث عن بعض حالات متلازمة داون، التي لها دور إيجابي في المجتمع.
لاحظ خريطة الكروموسومات لشخص مصاب بمتلازمة داون. استنتج سبب الاختلاف، ومكانه."
A_Fine,O1,A17,Chromosome 21 and Meiosis Error,"p29_u08, p29_u09, p29_u10",p29_u07,"p29_u07, p29_u08, p29_u09, p29_u10",72,83,"تظهر خريطة الكروموسومات وجود كروموسوم ثالث ضمن الزوج الكروموسومي الجسمي رقم (21).
لعلك لاحظت من الشكل المجاور أن الزوج الكروموسومي الجسمي (21) أضيف إليه كروموسوم ثالث، وسبب هذا حدوث خلل أثناء الانقسام المنصف في الخلايا الجنسية عند أحد الآباء، فينتج غاميت يحتوي على (24) كروموسوماً، وعندما يخصب بغاميت يحتوي العدد الطبيعي (23) كروموسوماً، ينتج فرد تحتوي خلاياه على (47) كروموسوماً.
وقد تم اكتشاف أول حالة عام 1866م، من قبل العالم (لانغدون داون).","لاحظ خريطة الكروموسومات لشخص مصاب بمتلازمة داون. استنتج سبب الاختلاف، ومكانه.
تظهر خريطة الكروموسومات وجود كروموسوم ثالث ضمن الزوج الكروموسومي الجسمي رقم (21).
لعلك لاحظت من الشكل المجاور أن الزوج الكروموسومي الجسمي (21) أضيف إليه كروموسوم ثالث، وسبب هذا حدوث خلل أثناء الانقسام المنصف في الخلايا الجنسية عند أحد الآباء، فينتج غاميت يحتوي على (24) كروموسوماً، وعندما يخصب بغاميت يحتوي العدد الطبيعي (23) كروموسوماً، ينتج فرد تحتوي خلاياه على (47) كروموسوماً.
وقد تم اكتشاف أول حالة عام 1866م، من قبل العالم (لانغدون داون)."
B_Baseline,O0,B01,Chromosome Numbers in Living Organisms,"p23_u01, p23_u02, p23_u03, p23_u04, p23_u05",,"p23_u01, p23_u02, p23_u03, p23_u04, p23_u05",81,81,"الدرس (3): انقسام الخلايا
قامت هند بجولة في مزرعة جدها، ثم التقطت مجموعة من الصور لعدد من الكائنات الحية الموجودة فيها ثم بحثت وكتبت عدد الكروموسومات على كل منها، تأمل الصور الآتية، ثم أجب عن الأسئلة التي تليها.
تُظهر الصور أعداد الكروموسومات للكائنات الآتية: البطاطا 48، الحصان 64، النملة 48، الإنسان 46، الشمبانزي 48، الحمار 62، الخيار 14، الدجاج 78.
هل يوجد علاقة بين حجم الكائن الحي وعدد الكروموسومات في خلايا جسمه؟
هل عدد الكروموسومات يحدد صفات الكائن الحي؟ وضح ذلك.","الدرس (3): انقسام الخلايا
قامت هند بجولة في مزرعة جدها، ثم التقطت مجموعة من الصور لعدد من الكائنات الحية الموجودة فيها ثم بحثت وكتبت عدد الكروموسومات على كل منها، تأمل الصور الآتية، ثم أجب عن الأسئلة التي تليها.
تُظهر الصور أعداد الكروموسومات للكائنات الآتية: البطاطا 48، الحصان 64، النملة 48، الإنسان 46، الشمبانزي 48، الحمار 62، الخيار 14، الدجاج 78.
هل يوجد علاقة بين حجم الكائن الحي وعدد الكروموسومات في خلايا جسمه؟
هل عدد الكروموسومات يحدد صفات الكائن الحي؟ وضح ذلك."
B_Baseline,O0,B02,Cell Division and Preparation,"p24_u01, p24_u02, p24_u03, p24_u04, p24_u05, p24_u06, p24_u07",,"p24_u01, p24_u02, p24_u03, p24_u04, p24_u05, p24_u06, p24_u07",147,147,"يوجد في صفك نسخ عدة متماثلة من كتاب العلوم، وقد طبع من هذا الكتاب آلاف النسخ، لطلبة الصف الثامن في المدارس الفلسطينية، أما خلايا جسمك فتمر في أطوار عدة؛ لإنتاج نسخ متماثلة من الخلايا، دون استخدام ماكينات تصوير، فجسمك يحتاج إلى خلايا جديدة في كل وقت، لماذا؟
صف ما حدث للخلية الواحدة في الشكل.
ما الهدف من انقسام الخلايا؟
هل يستمر انقسام الخلايا بالسرعة نفسها مع التقدم في العمر؟
كثير من الخلايا في أجسامنا تنقسم وتتكاثر، فتنتج خلايا جديدة، قد تكون مطابقة للخلايا الأصلية، أو غير مطابقة. وقبل انقسام الخلايا تكون الكروموسومات مفردة، وعلى شكل خيوط طويلة رفيعة ومتشابكة داخل النواة في الخلايا، تسمى شبكة كروماتينية.
ولا يمكن مشاهدتها على هيئة كروموسومات مستقلة بوضوح في حال عدم انقسام الخلية. يحدث تضاعف لمادة الوراثة (DNA) والعضيات، قبل البدء بعملية الانقسام.
يوضح الشكل مراحل تضاعف الكروموسومات في نواة الخلية: قبل التضاعف، تضاعف DNA، ثم ظهور نسخة أصلية ونسخة جديدة.","يوجد في صفك نسخ عدة متماثلة من كتاب العلوم، وقد طبع من هذا الكتاب آلاف النسخ، لطلبة الصف الثامن في المدارس الفلسطينية، أما خلايا جسمك فتمر في أطوار عدة؛ لإنتاج نسخ متماثلة من الخلايا، دون استخدام ماكينات تصوير، فجسمك يحتاج إلى خلايا جديدة في كل وقت، لماذا؟
صف ما حدث للخلية الواحدة في الشكل.
ما الهدف من انقسام الخلايا؟
هل يستمر انقسام الخلايا بالسرعة نفسها مع التقدم في العمر؟
كثير من الخلايا في أجسامنا تنقسم وتتكاثر، فتنتج خلايا جديدة، قد تكون مطابقة للخلايا الأصلية، أو غير مطابقة. وقبل انقسام الخلايا تكون الكروموسومات مفردة، وعلى شكل خيوط طويلة رفيعة ومتشابكة داخل النواة في الخلايا، تسمى شبكة كروماتينية.
ولا يمكن مشاهدتها على هيئة كروموسومات مستقلة بوضوح في حال عدم انقسام الخلية. يحدث تضاعف لمادة الوراثة (DNA) والعضيات، قبل البدء بعملية الانقسام.
يوضح الشكل مراحل تضاعف الكروموسومات في نواة الخلية: قبل التضاعف، تضاعف DNA، ثم ظهور نسخة أصلية ونسخة جديدة."
B_Baseline,O0,B03,Duplicated Chromosome Structure,"p25_u01, p25_u02, p25_u03, p25_u04, p25_u05, p25_u06, p25_u07",,"p25_u01, p25_u02, p25_u03, p25_u04, p25_u05, p25_u06, p25_u07",120,120,"حيث يظهر كل كروموسوم متضاعف تحت المجهر الإلكتروني مكوناً من كروماتيدين (كروماتيد أصلي وكروماتيد جديد). يرتبط كل كروماتيدين بنقطة تسمى السنترومير.
يوضح الشكل كروموسومات غير متضاعفة ثم كروموسومات متكاثرة متضاعفة، مع السنترومير والكروماتيدات الشقيقة.
أنواع انقسام الخلايا
المواد والأدوات: لوح كرتون أو خشبي رقيق (50 سم × 50 سم)، ومقص، وخيوط صوف ملونة، ومادة لاصقة.
خطوات العمل: 1- قص خيوط الصوف بأطوال مختلفة، ثم اربط كل خيطين متشابهين في اللون والطول من المنتصف بخيط من لون آخر، يمثل السنترومير. 2- ألصق أزواج الخيوط الملونة على اللوح الذي أحضرته. 3- أجب عن الأسئلة الآتية.
اقترح مواد وطرقاً أخرى لتمثيل الكروموسوم.
لو وضعت خيط الصوف أسفل عدسة محدبة كبيرة، أو شاهدته تحت المجهر التشريحي، ماذا ستلاحظ؟ وما وجه الشبه مع بنية الكروموسوم؟","حيث يظهر كل كروموسوم متضاعف تحت المجهر الإلكتروني مكوناً من كروماتيدين (كروماتيد أصلي وكروماتيد جديد). يرتبط كل كروماتيدين بنقطة تسمى السنترومير.
يوضح الشكل كروموسومات غير متضاعفة ثم كروموسومات متكاثرة متضاعفة، مع السنترومير والكروماتيدات الشقيقة.
أنواع انقسام الخلايا
المواد والأدوات: لوح كرتون أو خشبي رقيق (50 سم × 50 سم)، ومقص، وخيوط صوف ملونة، ومادة لاصقة.
خطوات العمل: 1- قص خيوط الصوف بأطوال مختلفة، ثم اربط كل خيطين متشابهين في اللون والطول من المنتصف بخيط من لون آخر، يمثل السنترومير. 2- ألصق أزواج الخيوط الملونة على اللوح الذي أحضرته. 3- أجب عن الأسئلة الآتية.
اقترح مواد وطرقاً أخرى لتمثيل الكروموسوم.
لو وضعت خيط الصوف أسفل عدسة محدبة كبيرة، أو شاهدته تحت المجهر التشريحي، ماذا ستلاحظ؟ وما وجه الشبه مع بنية الكروموسوم؟"
B_Baseline,O0,B04,Somatic and Reproductive Cells,"p25_u08, p25_u09, p26_u01",,"p25_u08, p25_u09, p26_u01",61,61,"تتكون أجسام الكائنات الحية عديدة الخلايا التي تتكاثر جنسياً من نوعين رئيسين من الخلايا، هما:
الخلايا الجسمية: تشمل خلايا جسم الكائنات الحية الراقية، وتنقسم النواة بطريقة الانقسام المتساوي، وينتج عنه خليتان (ابنتان)، تحتوي كلاهما على العدد نفسه من الكروموسومات.
الخلايا التناسلية (الجنسية المنتجة للغاميتات): توجد في الأعضاء الجنسية الذكرية والأنثوية لدى معظم الحيوانات والنباتات، وتنقسم النواة بطريقة الانقسام المنصف منتجة الغاميتات.","تتكون أجسام الكائنات الحية عديدة الخلايا التي تتكاثر جنسياً من نوعين رئيسين من الخلايا، هما:
الخلايا الجسمية: تشمل خلايا جسم الكائنات الحية الراقية، وتنقسم النواة بطريقة الانقسام المتساوي، وينتج عنه خليتان (ابنتان)، تحتوي كلاهما على العدد نفسه من الكروموسومات.
الخلايا التناسلية (الجنسية المنتجة للغاميتات): توجد في الأعضاء الجنسية الذكرية والأنثوية لدى معظم الحيوانات والنباتات، وتنقسم النواة بطريقة الانقسام المنصف منتجة الغاميتات."
B_Baseline,O0,B05,Interphase and Purpose of Mitosis,"p26_u02, p26_u03, p26_u04",,"p26_u02, p26_u03, p26_u04",46,46,"انقسام الخلايا
قبل دخول الخلية في عملية الانقسام الخلوي تمر بمرحلة تحضيرية، تسمى الطور البيني، تنمو فيه الخلية ويزداد حجمها، وتتضاعف كمية المادة الوراثية (DNA).
الانقسام المتساوي: يحدث في جميع خلايا الكائنات الحية وحيدة الخلية لتتكاثر مثل البراميسيوم، وعديدة الخلايا مثل الإنسان؛ للنمو، وتعويض الخلايا التالفة.","انقسام الخلايا
قبل دخول الخلية في عملية الانقسام الخلوي تمر بمرحلة تحضيرية، تسمى الطور البيني، تنمو فيه الخلية ويزداد حجمها، وتتضاعف كمية المادة الوراثية (DNA).
الانقسام المتساوي: يحدث في جميع خلايا الكائنات الحية وحيدة الخلية لتتكاثر مثل البراميسيوم، وعديدة الخلايا مثل الإنسان؛ للنمو، وتعويض الخلايا التالفة."
B_Baseline,O0,B06,Mitosis Stages,"p26_u05, p26_u06, p26_u07, p26_u08, p26_u09, p26_u10",,"p26_u05, p26_u06, p26_u07, p26_u08, p26_u09, p26_u10",87,87,"ادرس مراحل الانقسام المتساوي للخلية في الشكل أدناه، ثم أجب عن الأسئلة التي تليه.
الدور التمهيدي: تظهر كروموسومات قصيرة وغليظة متضاعفة، يختفي الغلاف النووي، وتختفي النوية.
الدور الاستوائي: تترتب الكروموسومات المتضاعفة فرادى في منتصف الخلية، وترتبط خيوط المغزل بسنترومير كل كروموسوم من القطبين.
الدور الانفصالي: تتباعد الكروماتيدات الشقيقة بفعل انكماش خيوط المغزل كل إلى قطب.
الدور النهائي: تتجمع الكروموسومات الوليدة في منتصف كل خلية جديدة، ويبدأ الغلاف النووي بالتكون والسيتوبلازم بالانقسام.
انقسام السيتوبلازم: ينقسم السيتوبلازم وتنتج خليتان متماثلتان تحوي كل منهما على نفس عدد كروموسومات الخلية الأم.","ادرس مراحل الانقسام المتساوي للخلية في الشكل أدناه، ثم أجب عن الأسئلة التي تليه.
الدور التمهيدي: تظهر كروموسومات قصيرة وغليظة متضاعفة، يختفي الغلاف النووي، وتختفي النوية.
الدور الاستوائي: تترتب الكروموسومات المتضاعفة فرادى في منتصف الخلية، وترتبط خيوط المغزل بسنترومير كل كروموسوم من القطبين.
الدور الانفصالي: تتباعد الكروماتيدات الشقيقة بفعل انكماش خيوط المغزل كل إلى قطب.
الدور النهائي: تتجمع الكروموسومات الوليدة في منتصف كل خلية جديدة، ويبدأ الغلاف النووي بالتكون والسيتوبلازم بالانقسام.
انقسام السيتوبلازم: ينقسم السيتوبلازم وتنتج خليتان متماثلتان تحوي كل منهما على نفس عدد كروموسومات الخلية الأم."
B_Baseline,O0,B07,Mitosis Questions,"p27_u01, p27_u02, p27_u03, p27_u04, p27_u05, p27_u06, p27_u07",,"p27_u01, p27_u02, p27_u03, p27_u04, p27_u05, p27_u06, p27_u07",59,59,"ماذا يحدث إذا لم تمر الخلية في الطور البيني؟
من خلال الشكل أعلاه، حدد الأدوار التي يمر بها الانقسام المتساوي؟
ما أهمية المريكزات، وخيوط المغزل في عملية الانقسام المتساوي؟
لماذا تترتب الكروموسومات فرادى في منتصف الخلية في الدور الاستوائي؟
هل الخلية المنقسمة حيوانية أم نباتية؟ فسر إجابتك.
ما عدد الخلايا الناتجة عن الانقسام؟
ما عدد الكروموسومات في الخلايا الناتجة؟","ماذا يحدث إذا لم تمر الخلية في الطور البيني؟
من خلال الشكل أعلاه، حدد الأدوار التي يمر بها الانقسام المتساوي؟
ما أهمية المريكزات، وخيوط المغزل في عملية الانقسام المتساوي؟
لماذا تترتب الكروموسومات فرادى في منتصف الخلية في الدور الاستوائي؟
هل الخلية المنقسمة حيوانية أم نباتية؟ فسر إجابتك.
ما عدد الخلايا الناتجة عن الانقسام؟
ما عدد الكروموسومات في الخلايا الناتجة؟"
B_Baseline,O0,B08,Plant and Animal Cell Division,"p27_u08, p27_u09, p27_u10",,"p27_u08, p27_u09, p27_u10",55,55,"عرض معلم العلوم والحياة على طلبته الشكل الآتي، ساعد الطلبة في تحديد أهم نقاط الاختلاف بين انقسام كل من الخلية الحيوانية والخلية النباتية؟
يوضح الجزء الخاص بالخلية النباتية: الدور الانفصالي، الدور النهائي، انقسام السيتوبلازم، تجمعات بروتينية، أكياس غشائية، وتكون الصفيحة الوسطى.
يوضح الجزء الخاص بالخلية الحيوانية: الدور الانفصالي، الدور النهائي، انقسام السيتوبلازم، المريكز، وتخصر الغشاء.","عرض معلم العلوم والحياة على طلبته الشكل الآتي، ساعد الطلبة في تحديد أهم نقاط الاختلاف بين انقسام كل من الخلية الحيوانية والخلية النباتية؟
يوضح الجزء الخاص بالخلية النباتية: الدور الانفصالي، الدور النهائي، انقسام السيتوبلازم، تجمعات بروتينية، أكياس غشائية، وتكون الصفيحة الوسطى.
يوضح الجزء الخاص بالخلية الحيوانية: الدور الانفصالي، الدور النهائي، انقسام السيتوبلازم، المريكز، وتخصر الغشاء."
B_Baseline,O0,B09,Meiosis,"p28_u01, p28_u02, p28_u03, p28_u04, p28_u05, p28_u06, p28_u07, p28_u08, p28_u09",,"p28_u01, p28_u02, p28_u03, p28_u04, p28_u05, p28_u06, p28_u07, p28_u08, p28_u09",132,132,"ادرس الشكل المجاور، وأجب عن الأسئلة الآتية.
يوضح الشكل خلية إنسان تحتوي على 46 كروموسوماً، ثم خلايا تحتوي على 23 كروموسوماً، وتنتهي العملية بأربع خلايا تحتوي كل منها على 23 كروموسوماً.
سم الخلايا التي يحدث فيها هذا النوع من الانقسام.
ما المقصود بالانقسام المنصف؟
ما عدد الخلايا الناتجة عنه؟
ما عدد الكروموسومات في الخلايا الناتجة؟
ماذا يطلق على الخلايا الناتجة؟
ماذا تتوقع أن يحدث إذا وقع خلل أثناء انقسام الخلية الجنسية المنتجة للغاميتات في الإنسان، وتنتج الحيوان المنوي، أو البويضة، بحيث يحتوي كل منهما على عدد كروموسومات أقل أو أكبر من العدد النصفي للكروموسومات؟
ينتج عن الانقسام المنصف لخلية تناسلية أربع خلايا، تحتوي كل منها على نصف العدد الأصلي من الكروموسومات في الخلية الأم وتسمى غاميتات، ويسهم هذا النوع من الانقسام في ثبات عدد الكروموسومات في خلايا النوع الواحد من الكائنات الحية.","ادرس الشكل المجاور، وأجب عن الأسئلة الآتية.
يوضح الشكل خلية إنسان تحتوي على 46 كروموسوماً، ثم خلايا تحتوي على 23 كروموسوماً، وتنتهي العملية بأربع خلايا تحتوي كل منها على 23 كروموسوماً.
سم الخلايا التي يحدث فيها هذا النوع من الانقسام.
ما المقصود بالانقسام المنصف؟
ما عدد الخلايا الناتجة عنه؟
ما عدد الكروموسومات في الخلايا الناتجة؟
ماذا يطلق على الخلايا الناتجة؟
ماذا تتوقع أن يحدث إذا وقع خلل أثناء انقسام الخلية الجنسية المنتجة للغاميتات في الإنسان، وتنتج الحيوان المنوي، أو البويضة، بحيث يحتوي كل منهما على عدد كروموسومات أقل أو أكبر من العدد النصفي للكروموسومات؟
ينتج عن الانقسام المنصف لخلية تناسلية أربع خلايا، تحتوي كل منها على نصف العدد الأصلي من الكروموسومات في الخلية الأم وتسمى غاميتات، ويسهم هذا النوع من الانقسام في ثبات عدد الكروموسومات في خلايا النوع الواحد من الكائنات الحية."
B_Baseline,O0,B10,Down Syndrome Curriculum Context,"p28_u10, p28_u11",,"p28_u10, p28_u11",52,52,"متلازمة داون وقصة نجاح فلسطينية
هبة الشرفا فتاة فلسطينية من مدينة غزة، مصابة بمتلازمة داون، حصلت على وسام معلمة للمرحلة الأساسية؛ لإسهامها في تعليم الطلبة في جمعية «الحق في الحياة»، مع أنها لم تكمل دراستها، إلا أنها استطاعت أن تكون عضواً فاعلاً في المجتمع، وتركت أثراً إيجابياً في تعليم ذوي صعوبات التعلم.","متلازمة داون وقصة نجاح فلسطينية
هبة الشرفا فتاة فلسطينية من مدينة غزة، مصابة بمتلازمة داون، حصلت على وسام معلمة للمرحلة الأساسية؛ لإسهامها في تعليم الطلبة في جمعية «الحق في الحياة»، مع أنها لم تكمل دراستها، إلا أنها استطاعت أن تكون عضواً فاعلاً في المجتمع، وتركت أثراً إيجابياً في تعليم ذوي صعوبات التعلم."
B_Baseline,O0,B11,"Chromosome Number Change, Down Syndrome and Chromosome 21","p28_u12, p29_u01, p29_u02, p29_u03, p29_u04, p29_u05, p29_u06, p29_u07, p29_u08, p29_u09, p29_u10",,"p28_u12, p29_u01, p29_u02, p29_u03, p29_u04, p29_u05, p29_u06, p29_u07, p29_u08, p29_u09, p29_u10",201,201,"إن عدد الكروموسومات في أنوية خلايا الكائن الحي ثابت، وأي تغير في عددها، نقص أو زيادة، يحدث تغيراً في صفات الكائن الحي وهو ما يسمى بالطفرة ففي كل خلية من
خلايا الإنسان العادي (46) كروموسوماً، ولكن يولد بعض الأطفال وعندهم زيادة كروموسوم فتحتوي كل خلية من خلايا الجسم على (47) كروموسوماً، ويطلق عليهم متلازمة داون.
تظهر على المصاب بمتلازمة داون بعض الصفات المظهرية الآتية: وجود ثنية إضافية في جفن العين، قصر القامة، رؤوسهم منبسطة، جبهتهم بارزة، لسانهم كبير الحجم، ذو أيد وأقدام قصيرة، يعاني معظمهم من صعوبات في التعلم.
هل التقيت شخصاً مصاباً بمتلازمة داون؟
كيف يمكنك مساعدتهم في الاندماج في المجتمع؟
نشاط (7) التعلم بالحياة
تحدث عن بعض حالات متلازمة داون، التي لها دور إيجابي في المجتمع.
لاحظ خريطة الكروموسومات لشخص مصاب بمتلازمة داون. استنتج سبب الاختلاف، ومكانه.
تظهر خريطة الكروموسومات وجود كروموسوم ثالث ضمن الزوج الكروموسومي الجسمي رقم (21).
لعلك لاحظت من الشكل المجاور أن الزوج الكروموسومي الجسمي (21) أضيف إليه كروموسوم ثالث، وسبب هذا حدوث خلل أثناء الانقسام المنصف في الخلايا الجنسية عند أحد الآباء، فينتج غاميت يحتوي على (24) كروموسوماً، وعندما يخصب بغاميت يحتوي العدد الطبيعي (23) كروموسوماً، ينتج فرد تحتوي خلاياه على (47) كروموسوماً.
وقد تم اكتشاف أول حالة عام 1866م، من قبل العالم (لانغدون داون).","إن عدد الكروموسومات في أنوية خلايا الكائن الحي ثابت، وأي تغير في عددها، نقص أو زيادة، يحدث تغيراً في صفات الكائن الحي وهو ما يسمى بالطفرة ففي كل خلية من
خلايا الإنسان العادي (46) كروموسوماً، ولكن يولد بعض الأطفال وعندهم زيادة كروموسوم فتحتوي كل خلية من خلايا الجسم على (47) كروموسوماً، ويطلق عليهم متلازمة داون.
تظهر على المصاب بمتلازمة داون بعض الصفات المظهرية الآتية: وجود ثنية إضافية في جفن العين، قصر القامة، رؤوسهم منبسطة، جبهتهم بارزة، لسانهم كبير الحجم، ذو أيد وأقدام قصيرة، يعاني معظمهم من صعوبات في التعلم.
هل التقيت شخصاً مصاباً بمتلازمة داون؟
كيف يمكنك مساعدتهم في الاندماج في المجتمع؟
نشاط (7) التعلم بالحياة
تحدث عن بعض حالات متلازمة داون، التي لها دور إيجابي في المجتمع.
لاحظ خريطة الكروموسومات لشخص مصاب بمتلازمة داون. استنتج سبب الاختلاف، ومكانه.
تظهر خريطة الكروموسومات وجود كروموسوم ثالث ضمن الزوج الكروموسومي الجسمي رقم (21).
لعلك لاحظت من الشكل المجاور أن الزوج الكروموسومي الجسمي (21) أضيف إليه كروموسوم ثالث، وسبب هذا حدوث خلل أثناء الانقسام المنصف في الخلايا الجنسية عند أحد الآباء، فينتج غاميت يحتوي على (24) كروموسوماً، وعندما يخصب بغاميت يحتوي العدد الطبيعي (23) كروموسوماً، ينتج فرد تحتوي خلاياه على (47) كروموسوماً.
وقد تم اكتشاف أول حالة عام 1866م، من قبل العالم (لانغدون داون)."
B_Baseline,O1,B01,Chromosome Numbers in Living Organisms,"p23_u01, p23_u02, p23_u03, p23_u04, p23_u05",,"p23_u01, p23_u02, p23_u03, p23_u04, p23_u05",81,81,"الدرس (3): انقسام الخلايا
قامت هند بجولة في مزرعة جدها، ثم التقطت مجموعة من الصور لعدد من الكائنات الحية الموجودة فيها ثم بحثت وكتبت عدد الكروموسومات على كل منها، تأمل الصور الآتية، ثم أجب عن الأسئلة التي تليها.
تُظهر الصور أعداد الكروموسومات للكائنات الآتية: البطاطا 48، الحصان 64، النملة 48، الإنسان 46، الشمبانزي 48، الحمار 62، الخيار 14، الدجاج 78.
هل يوجد علاقة بين حجم الكائن الحي وعدد الكروموسومات في خلايا جسمه؟
هل عدد الكروموسومات يحدد صفات الكائن الحي؟ وضح ذلك.","الدرس (3): انقسام الخلايا
قامت هند بجولة في مزرعة جدها، ثم التقطت مجموعة من الصور لعدد من الكائنات الحية الموجودة فيها ثم بحثت وكتبت عدد الكروموسومات على كل منها، تأمل الصور الآتية، ثم أجب عن الأسئلة التي تليها.
تُظهر الصور أعداد الكروموسومات للكائنات الآتية: البطاطا 48، الحصان 64، النملة 48، الإنسان 46، الشمبانزي 48، الحمار 62، الخيار 14، الدجاج 78.
هل يوجد علاقة بين حجم الكائن الحي وعدد الكروموسومات في خلايا جسمه؟
هل عدد الكروموسومات يحدد صفات الكائن الحي؟ وضح ذلك."
B_Baseline,O1,B02,Cell Division and Preparation,"p24_u01, p24_u02, p24_u03, p24_u04, p24_u05, p24_u06, p24_u07",p23_u05,"p23_u05, p24_u01, p24_u02, p24_u03, p24_u04, p24_u05, p24_u06, p24_u07",147,156,"يوجد في صفك نسخ عدة متماثلة من كتاب العلوم، وقد طبع من هذا الكتاب آلاف النسخ، لطلبة الصف الثامن في المدارس الفلسطينية، أما خلايا جسمك فتمر في أطوار عدة؛ لإنتاج نسخ متماثلة من الخلايا، دون استخدام ماكينات تصوير، فجسمك يحتاج إلى خلايا جديدة في كل وقت، لماذا؟
صف ما حدث للخلية الواحدة في الشكل.
ما الهدف من انقسام الخلايا؟
هل يستمر انقسام الخلايا بالسرعة نفسها مع التقدم في العمر؟
كثير من الخلايا في أجسامنا تنقسم وتتكاثر، فتنتج خلايا جديدة، قد تكون مطابقة للخلايا الأصلية، أو غير مطابقة. وقبل انقسام الخلايا تكون الكروموسومات مفردة، وعلى شكل خيوط طويلة رفيعة ومتشابكة داخل النواة في الخلايا، تسمى شبكة كروماتينية.
ولا يمكن مشاهدتها على هيئة كروموسومات مستقلة بوضوح في حال عدم انقسام الخلية. يحدث تضاعف لمادة الوراثة (DNA) والعضيات، قبل البدء بعملية الانقسام.
يوضح الشكل مراحل تضاعف الكروموسومات في نواة الخلية: قبل التضاعف، تضاعف DNA، ثم ظهور نسخة أصلية ونسخة جديدة.","هل عدد الكروموسومات يحدد صفات الكائن الحي؟ وضح ذلك.
يوجد في صفك نسخ عدة متماثلة من كتاب العلوم، وقد طبع من هذا الكتاب آلاف النسخ، لطلبة الصف الثامن في المدارس الفلسطينية، أما خلايا جسمك فتمر في أطوار عدة؛ لإنتاج نسخ متماثلة من الخلايا، دون استخدام ماكينات تصوير، فجسمك يحتاج إلى خلايا جديدة في كل وقت، لماذا؟
صف ما حدث للخلية الواحدة في الشكل.
ما الهدف من انقسام الخلايا؟
هل يستمر انقسام الخلايا بالسرعة نفسها مع التقدم في العمر؟
كثير من الخلايا في أجسامنا تنقسم وتتكاثر، فتنتج خلايا جديدة، قد تكون مطابقة للخلايا الأصلية، أو غير مطابقة. وقبل انقسام الخلايا تكون الكروموسومات مفردة، وعلى شكل خيوط طويلة رفيعة ومتشابكة داخل النواة في الخلايا، تسمى شبكة كروماتينية.
ولا يمكن مشاهدتها على هيئة كروموسومات مستقلة بوضوح في حال عدم انقسام الخلية. يحدث تضاعف لمادة الوراثة (DNA) والعضيات، قبل البدء بعملية الانقسام.
يوضح الشكل مراحل تضاعف الكروموسومات في نواة الخلية: قبل التضاعف، تضاعف DNA، ثم ظهور نسخة أصلية ونسخة جديدة."
B_Baseline,O1,B03,Duplicated Chromosome Structure,"p25_u01, p25_u02, p25_u03, p25_u04, p25_u05, p25_u06, p25_u07",p24_u07,"p24_u07, p25_u01, p25_u02, p25_u03, p25_u04, p25_u05, p25_u06, p25_u07",120,138,"حيث يظهر كل كروموسوم متضاعف تحت المجهر الإلكتروني مكوناً من كروماتيدين (كروماتيد أصلي وكروماتيد جديد). يرتبط كل كروماتيدين بنقطة تسمى السنترومير.
يوضح الشكل كروموسومات غير متضاعفة ثم كروموسومات متكاثرة متضاعفة، مع السنترومير والكروماتيدات الشقيقة.
أنواع انقسام الخلايا
المواد والأدوات: لوح كرتون أو خشبي رقيق (50 سم × 50 سم)، ومقص، وخيوط صوف ملونة، ومادة لاصقة.
خطوات العمل: 1- قص خيوط الصوف بأطوال مختلفة، ثم اربط كل خيطين متشابهين في اللون والطول من المنتصف بخيط من لون آخر، يمثل السنترومير. 2- ألصق أزواج الخيوط الملونة على اللوح الذي أحضرته. 3- أجب عن الأسئلة الآتية.
اقترح مواد وطرقاً أخرى لتمثيل الكروموسوم.
لو وضعت خيط الصوف أسفل عدسة محدبة كبيرة، أو شاهدته تحت المجهر التشريحي، ماذا ستلاحظ؟ وما وجه الشبه مع بنية الكروموسوم؟","يوضح الشكل مراحل تضاعف الكروموسومات في نواة الخلية: قبل التضاعف، تضاعف DNA، ثم ظهور نسخة أصلية ونسخة جديدة.
حيث يظهر كل كروموسوم متضاعف تحت المجهر الإلكتروني مكوناً من كروماتيدين (كروماتيد أصلي وكروماتيد جديد). يرتبط كل كروماتيدين بنقطة تسمى السنترومير.
يوضح الشكل كروموسومات غير متضاعفة ثم كروموسومات متكاثرة متضاعفة، مع السنترومير والكروماتيدات الشقيقة.
أنواع انقسام الخلايا
المواد والأدوات: لوح كرتون أو خشبي رقيق (50 سم × 50 سم)، ومقص، وخيوط صوف ملونة، ومادة لاصقة.
خطوات العمل: 1- قص خيوط الصوف بأطوال مختلفة، ثم اربط كل خيطين متشابهين في اللون والطول من المنتصف بخيط من لون آخر، يمثل السنترومير. 2- ألصق أزواج الخيوط الملونة على اللوح الذي أحضرته. 3- أجب عن الأسئلة الآتية.
اقترح مواد وطرقاً أخرى لتمثيل الكروموسوم.
لو وضعت خيط الصوف أسفل عدسة محدبة كبيرة، أو شاهدته تحت المجهر التشريحي، ماذا ستلاحظ؟ وما وجه الشبه مع بنية الكروموسوم؟"
B_Baseline,O1,B04,Somatic and Reproductive Cells,"p25_u08, p25_u09, p26_u01",p25_u07,"p25_u07, p25_u08, p25_u09, p26_u01",61,82,"تتكون أجسام الكائنات الحية عديدة الخلايا التي تتكاثر جنسياً من نوعين رئيسين من الخلايا، هما:
الخلايا الجسمية: تشمل خلايا جسم الكائنات الحية الراقية، وتنقسم النواة بطريقة الانقسام المتساوي، وينتج عنه خليتان (ابنتان)، تحتوي كلاهما على العدد نفسه من الكروموسومات.
الخلايا التناسلية (الجنسية المنتجة للغاميتات): توجد في الأعضاء الجنسية الذكرية والأنثوية لدى معظم الحيوانات والنباتات، وتنقسم النواة بطريقة الانقسام المنصف منتجة الغاميتات.","لو وضعت خيط الصوف أسفل عدسة محدبة كبيرة، أو شاهدته تحت المجهر التشريحي، ماذا ستلاحظ؟ وما وجه الشبه مع بنية الكروموسوم؟
تتكون أجسام الكائنات الحية عديدة الخلايا التي تتكاثر جنسياً من نوعين رئيسين من الخلايا، هما:
الخلايا الجسمية: تشمل خلايا جسم الكائنات الحية الراقية، وتنقسم النواة بطريقة الانقسام المتساوي، وينتج عنه خليتان (ابنتان)، تحتوي كلاهما على العدد نفسه من الكروموسومات.
الخلايا التناسلية (الجنسية المنتجة للغاميتات): توجد في الأعضاء الجنسية الذكرية والأنثوية لدى معظم الحيوانات والنباتات، وتنقسم النواة بطريقة الانقسام المنصف منتجة الغاميتات."
B_Baseline,O1,B05,Interphase and Purpose of Mitosis,"p26_u02, p26_u03, p26_u04",p26_u01,"p26_u01, p26_u02, p26_u03, p26_u04",46,68,"انقسام الخلايا
قبل دخول الخلية في عملية الانقسام الخلوي تمر بمرحلة تحضيرية، تسمى الطور البيني، تنمو فيه الخلية ويزداد حجمها، وتتضاعف كمية المادة الوراثية (DNA).
الانقسام المتساوي: يحدث في جميع خلايا الكائنات الحية وحيدة الخلية لتتكاثر مثل البراميسيوم، وعديدة الخلايا مثل الإنسان؛ للنمو، وتعويض الخلايا التالفة.","الخلايا التناسلية (الجنسية المنتجة للغاميتات): توجد في الأعضاء الجنسية الذكرية والأنثوية لدى معظم الحيوانات والنباتات، وتنقسم النواة بطريقة الانقسام المنصف منتجة الغاميتات.
انقسام الخلايا
قبل دخول الخلية في عملية الانقسام الخلوي تمر بمرحلة تحضيرية، تسمى الطور البيني، تنمو فيه الخلية ويزداد حجمها، وتتضاعف كمية المادة الوراثية (DNA).
الانقسام المتساوي: يحدث في جميع خلايا الكائنات الحية وحيدة الخلية لتتكاثر مثل البراميسيوم، وعديدة الخلايا مثل الإنسان؛ للنمو، وتعويض الخلايا التالفة."
B_Baseline,O1,B06,Mitosis Stages,"p26_u05, p26_u06, p26_u07, p26_u08, p26_u09, p26_u10",p26_u04,"p26_u04, p26_u05, p26_u06, p26_u07, p26_u08, p26_u09, p26_u10",87,108,"ادرس مراحل الانقسام المتساوي للخلية في الشكل أدناه، ثم أجب عن الأسئلة التي تليه.
الدور التمهيدي: تظهر كروموسومات قصيرة وغليظة متضاعفة، يختفي الغلاف النووي، وتختفي النوية.
الدور الاستوائي: تترتب الكروموسومات المتضاعفة فرادى في منتصف الخلية، وترتبط خيوط المغزل بسنترومير كل كروموسوم من القطبين.
الدور الانفصالي: تتباعد الكروماتيدات الشقيقة بفعل انكماش خيوط المغزل كل إلى قطب.
الدور النهائي: تتجمع الكروموسومات الوليدة في منتصف كل خلية جديدة، ويبدأ الغلاف النووي بالتكون والسيتوبلازم بالانقسام.
انقسام السيتوبلازم: ينقسم السيتوبلازم وتنتج خليتان متماثلتان تحوي كل منهما على نفس عدد كروموسومات الخلية الأم.","الانقسام المتساوي: يحدث في جميع خلايا الكائنات الحية وحيدة الخلية لتتكاثر مثل البراميسيوم، وعديدة الخلايا مثل الإنسان؛ للنمو، وتعويض الخلايا التالفة.
ادرس مراحل الانقسام المتساوي للخلية في الشكل أدناه، ثم أجب عن الأسئلة التي تليه.
الدور التمهيدي: تظهر كروموسومات قصيرة وغليظة متضاعفة، يختفي الغلاف النووي، وتختفي النوية.
الدور الاستوائي: تترتب الكروموسومات المتضاعفة فرادى في منتصف الخلية، وترتبط خيوط المغزل بسنترومير كل كروموسوم من القطبين.
الدور الانفصالي: تتباعد الكروماتيدات الشقيقة بفعل انكماش خيوط المغزل كل إلى قطب.
الدور النهائي: تتجمع الكروموسومات الوليدة في منتصف كل خلية جديدة، ويبدأ الغلاف النووي بالتكون والسيتوبلازم بالانقسام.
انقسام السيتوبلازم: ينقسم السيتوبلازم وتنتج خليتان متماثلتان تحوي كل منهما على نفس عدد كروموسومات الخلية الأم."
B_Baseline,O1,B07,Mitosis Questions,"p27_u01, p27_u02, p27_u03, p27_u04, p27_u05, p27_u06, p27_u07",p26_u10,"p26_u10, p27_u01, p27_u02, p27_u03, p27_u04, p27_u05, p27_u06, p27_u07",59,75,"ماذا يحدث إذا لم تمر الخلية في الطور البيني؟
من خلال الشكل أعلاه، حدد الأدوار التي يمر بها الانقسام المتساوي؟
ما أهمية المريكزات، وخيوط المغزل في عملية الانقسام المتساوي؟
لماذا تترتب الكروموسومات فرادى في منتصف الخلية في الدور الاستوائي؟
هل الخلية المنقسمة حيوانية أم نباتية؟ فسر إجابتك.
ما عدد الخلايا الناتجة عن الانقسام؟
ما عدد الكروموسومات في الخلايا الناتجة؟","انقسام السيتوبلازم: ينقسم السيتوبلازم وتنتج خليتان متماثلتان تحوي كل منهما على نفس عدد كروموسومات الخلية الأم.
ماذا يحدث إذا لم تمر الخلية في الطور البيني؟
من خلال الشكل أعلاه، حدد الأدوار التي يمر بها الانقسام المتساوي؟
ما أهمية المريكزات، وخيوط المغزل في عملية الانقسام المتساوي؟
لماذا تترتب الكروموسومات فرادى في منتصف الخلية في الدور الاستوائي؟
هل الخلية المنقسمة حيوانية أم نباتية؟ فسر إجابتك.
ما عدد الخلايا الناتجة عن الانقسام؟
ما عدد الكروموسومات في الخلايا الناتجة؟"
B_Baseline,O1,B08,Plant and Animal Cell Division,"p27_u08, p27_u09, p27_u10",p27_u07,"p27_u07, p27_u08, p27_u09, p27_u10",55,61,"عرض معلم العلوم والحياة على طلبته الشكل الآتي، ساعد الطلبة في تحديد أهم نقاط الاختلاف بين انقسام كل من الخلية الحيوانية والخلية النباتية؟
يوضح الجزء الخاص بالخلية النباتية: الدور الانفصالي، الدور النهائي، انقسام السيتوبلازم، تجمعات بروتينية، أكياس غشائية، وتكون الصفيحة الوسطى.
يوضح الجزء الخاص بالخلية الحيوانية: الدور الانفصالي، الدور النهائي، انقسام السيتوبلازم، المريكز، وتخصر الغشاء.","ما عدد الكروموسومات في الخلايا الناتجة؟
عرض معلم العلوم والحياة على طلبته الشكل الآتي، ساعد الطلبة في تحديد أهم نقاط الاختلاف بين انقسام كل من الخلية الحيوانية والخلية النباتية؟
يوضح الجزء الخاص بالخلية النباتية: الدور الانفصالي، الدور النهائي، انقسام السيتوبلازم، تجمعات بروتينية، أكياس غشائية، وتكون الصفيحة الوسطى.
يوضح الجزء الخاص بالخلية الحيوانية: الدور الانفصالي، الدور النهائي، انقسام السيتوبلازم، المريكز، وتخصر الغشاء."
B_Baseline,O1,B09,Meiosis,"p28_u01, p28_u02, p28_u03, p28_u04, p28_u05, p28_u06, p28_u07, p28_u08, p28_u09",p27_u10,"p27_u10, p28_u01, p28_u02, p28_u03, p28_u04, p28_u05, p28_u06, p28_u07, p28_u08, p28_u09",132,146,"ادرس الشكل المجاور، وأجب عن الأسئلة الآتية.
يوضح الشكل خلية إنسان تحتوي على 46 كروموسوماً، ثم خلايا تحتوي على 23 كروموسوماً، وتنتهي العملية بأربع خلايا تحتوي كل منها على 23 كروموسوماً.
سم الخلايا التي يحدث فيها هذا النوع من الانقسام.
ما المقصود بالانقسام المنصف؟
ما عدد الخلايا الناتجة عنه؟
ما عدد الكروموسومات في الخلايا الناتجة؟
ماذا يطلق على الخلايا الناتجة؟
ماذا تتوقع أن يحدث إذا وقع خلل أثناء انقسام الخلية الجنسية المنتجة للغاميتات في الإنسان، وتنتج الحيوان المنوي، أو البويضة، بحيث يحتوي كل منهما على عدد كروموسومات أقل أو أكبر من العدد النصفي للكروموسومات؟
ينتج عن الانقسام المنصف لخلية تناسلية أربع خلايا، تحتوي كل منها على نصف العدد الأصلي من الكروموسومات في الخلية الأم وتسمى غاميتات، ويسهم هذا النوع من الانقسام في ثبات عدد الكروموسومات في خلايا النوع الواحد من الكائنات الحية.","يوضح الجزء الخاص بالخلية الحيوانية: الدور الانفصالي، الدور النهائي، انقسام السيتوبلازم، المريكز، وتخصر الغشاء.
ادرس الشكل المجاور، وأجب عن الأسئلة الآتية.
يوضح الشكل خلية إنسان تحتوي على 46 كروموسوماً، ثم خلايا تحتوي على 23 كروموسوماً، وتنتهي العملية بأربع خلايا تحتوي كل منها على 23 كروموسوماً.
سم الخلايا التي يحدث فيها هذا النوع من الانقسام.
ما المقصود بالانقسام المنصف؟
ما عدد الخلايا الناتجة عنه؟
ما عدد الكروموسومات في الخلايا الناتجة؟
ماذا يطلق على الخلايا الناتجة؟
ماذا تتوقع أن يحدث إذا وقع خلل أثناء انقسام الخلية الجنسية المنتجة للغاميتات في الإنسان، وتنتج الحيوان المنوي، أو البويضة، بحيث يحتوي كل منهما على عدد كروموسومات أقل أو أكبر من العدد النصفي للكروموسومات؟
ينتج عن الانقسام المنصف لخلية تناسلية أربع خلايا، تحتوي كل منها على نصف العدد الأصلي من الكروموسومات في الخلية الأم وتسمى غاميتات، ويسهم هذا النوع من الانقسام في ثبات عدد الكروموسومات في خلايا النوع الواحد من الكائنات الحية."
B_Baseline,O1,B10,Down Syndrome Curriculum Context,"p28_u10, p28_u11",p28_u09,"p28_u09, p28_u10, p28_u11",52,90,"متلازمة داون وقصة نجاح فلسطينية
هبة الشرفا فتاة فلسطينية من مدينة غزة، مصابة بمتلازمة داون، حصلت على وسام معلمة للمرحلة الأساسية؛ لإسهامها في تعليم الطلبة في جمعية «الحق في الحياة»، مع أنها لم تكمل دراستها، إلا أنها استطاعت أن تكون عضواً فاعلاً في المجتمع، وتركت أثراً إيجابياً في تعليم ذوي صعوبات التعلم.","ينتج عن الانقسام المنصف لخلية تناسلية أربع خلايا، تحتوي كل منها على نصف العدد الأصلي من الكروموسومات في الخلية الأم وتسمى غاميتات، ويسهم هذا النوع من الانقسام في ثبات عدد الكروموسومات في خلايا النوع الواحد من الكائنات الحية.
متلازمة داون وقصة نجاح فلسطينية
هبة الشرفا فتاة فلسطينية من مدينة غزة، مصابة بمتلازمة داون، حصلت على وسام معلمة للمرحلة الأساسية؛ لإسهامها في تعليم الطلبة في جمعية «الحق في الحياة»، مع أنها لم تكمل دراستها، إلا أنها استطاعت أن تكون عضواً فاعلاً في المجتمع، وتركت أثراً إيجابياً في تعليم ذوي صعوبات التعلم."
B_Baseline,O1,B11,"Chromosome Number Change, Down Syndrome and Chromosome 21","p28_u12, p29_u01, p29_u02, p29_u03, p29_u04, p29_u05, p29_u06, p29_u07, p29_u08, p29_u09, p29_u10",p28_u11,"p28_u11, p28_u12, p29_u01, p29_u02, p29_u03, p29_u04, p29_u05, p29_u06, p29_u07, p29_u08, p29_u09, p29_u10",201,248,"إن عدد الكروموسومات في أنوية خلايا الكائن الحي ثابت، وأي تغير في عددها، نقص أو زيادة، يحدث تغيراً في صفات الكائن الحي وهو ما يسمى بالطفرة ففي كل خلية من
خلايا الإنسان العادي (46) كروموسوماً، ولكن يولد بعض الأطفال وعندهم زيادة كروموسوم فتحتوي كل خلية من خلايا الجسم على (47) كروموسوماً، ويطلق عليهم متلازمة داون.
تظهر على المصاب بمتلازمة داون بعض الصفات المظهرية الآتية: وجود ثنية إضافية في جفن العين، قصر القامة، رؤوسهم منبسطة، جبهتهم بارزة، لسانهم كبير الحجم، ذو أيد وأقدام قصيرة، يعاني معظمهم من صعوبات في التعلم.
هل التقيت شخصاً مصاباً بمتلازمة داون؟
كيف يمكنك مساعدتهم في الاندماج في المجتمع؟
نشاط (7) التعلم بالحياة
تحدث عن بعض حالات متلازمة داون، التي لها دور إيجابي في المجتمع.
لاحظ خريطة الكروموسومات لشخص مصاب بمتلازمة داون. استنتج سبب الاختلاف، ومكانه.
تظهر خريطة الكروموسومات وجود كروموسوم ثالث ضمن الزوج الكروموسومي الجسمي رقم (21).
لعلك لاحظت من الشكل المجاور أن الزوج الكروموسومي الجسمي (21) أضيف إليه كروموسوم ثالث، وسبب هذا حدوث خلل أثناء الانقسام المنصف في الخلايا الجنسية عند أحد الآباء، فينتج غاميت يحتوي على (24) كروموسوماً، وعندما يخصب بغاميت يحتوي العدد الطبيعي (23) كروموسوماً، ينتج فرد تحتوي خلاياه على (47) كروموسوماً.
وقد تم اكتشاف أول حالة عام 1866م، من قبل العالم (لانغدون داون).","هبة الشرفا فتاة فلسطينية من مدينة غزة، مصابة بمتلازمة داون، حصلت على وسام معلمة للمرحلة الأساسية؛ لإسهامها في تعليم الطلبة في جمعية «الحق في الحياة»، مع أنها لم تكمل دراستها، إلا أنها استطاعت أن تكون عضواً فاعلاً في المجتمع، وتركت أثراً إيجابياً في تعليم ذوي صعوبات التعلم.
إن عدد الكروموسومات في أنوية خلايا الكائن الحي ثابت، وأي تغير في عددها، نقص أو زيادة، يحدث تغيراً في صفات الكائن الحي وهو ما يسمى بالطفرة ففي كل خلية من
خلايا الإنسان العادي (46) كروموسوماً، ولكن يولد بعض الأطفال وعندهم زيادة كروموسوم فتحتوي كل خلية من خلايا الجسم على (47) كروموسوماً، ويطلق عليهم متلازمة داون.
تظهر على المصاب بمتلازمة داون بعض الصفات المظهرية الآتية: وجود ثنية إضافية في جفن العين، قصر القامة، رؤوسهم منبسطة، جبهتهم بارزة، لسانهم كبير الحجم، ذو أيد وأقدام قصيرة، يعاني معظمهم من صعوبات في التعلم.
هل التقيت شخصاً مصاباً بمتلازمة داون؟
كيف يمكنك مساعدتهم في الاندماج في المجتمع؟
نشاط (7) التعلم بالحياة
تحدث عن بعض حالات متلازمة داون، التي لها دور إيجابي في المجتمع.
لاحظ خريطة الكروموسومات لشخص مصاب بمتلازمة داون. استنتج سبب الاختلاف، ومكانه.
تظهر خريطة الكروموسومات وجود كروموسوم ثالث ضمن الزوج الكروموسومي الجسمي رقم (21).
لعلك لاحظت من الشكل المجاور أن الزوج الكروموسومي الجسمي (21) أضيف إليه كروموسوم ثالث، وسبب هذا حدوث خلل أثناء الانقسام المنصف في الخلايا الجنسية عند أحد الآباء، فينتج غاميت يحتوي على (24) كروموسوماً، وعندما يخصب بغاميت يحتوي العدد الطبيعي (23) كروموسوماً، ينتج فرد تحتوي خلاياه على (47) كروموسوماً.
وقد تم اكتشاف أول حالة عام 1866م، من قبل العالم (لانغدون داون)."
C_Broad,O0,C01,Chromosome Numbers in Living Organisms,"p23_u01, p23_u02, p23_u03, p23_u04, p23_u05",,"p23_u01, p23_u02, p23_u03, p23_u04, p23_u05",81,81,"الدرس (3): انقسام الخلايا
قامت هند بجولة في مزرعة جدها، ثم التقطت مجموعة من الصور لعدد من الكائنات الحية الموجودة فيها ثم بحثت وكتبت عدد الكروموسومات على كل منها، تأمل الصور الآتية، ثم أجب عن الأسئلة التي تليها.
تُظهر الصور أعداد الكروموسومات للكائنات الآتية: البطاطا 48، الحصان 64، النملة 48، الإنسان 46، الشمبانزي 48، الحمار 62، الخيار 14، الدجاج 78.
هل يوجد علاقة بين حجم الكائن الحي وعدد الكروموسومات في خلايا جسمه؟
هل عدد الكروموسومات يحدد صفات الكائن الحي؟ وضح ذلك.","الدرس (3): انقسام الخلايا
قامت هند بجولة في مزرعة جدها، ثم التقطت مجموعة من الصور لعدد من الكائنات الحية الموجودة فيها ثم بحثت وكتبت عدد الكروموسومات على كل منها، تأمل الصور الآتية، ثم أجب عن الأسئلة التي تليها.
تُظهر الصور أعداد الكروموسومات للكائنات الآتية: البطاطا 48، الحصان 64، النملة 48، الإنسان 46، الشمبانزي 48، الحمار 62، الخيار 14، الدجاج 78.
هل يوجد علاقة بين حجم الكائن الحي وعدد الكروموسومات في خلايا جسمه؟
هل عدد الكروموسومات يحدد صفات الكائن الحي؟ وضح ذلك."
C_Broad,O0,C02,Cell Division and Preparation,"p24_u01, p24_u02, p24_u03, p24_u04, p24_u05, p24_u06, p24_u07",,"p24_u01, p24_u02, p24_u03, p24_u04, p24_u05, p24_u06, p24_u07",147,147,"يوجد في صفك نسخ عدة متماثلة من كتاب العلوم، وقد طبع من هذا الكتاب آلاف النسخ، لطلبة الصف الثامن في المدارس الفلسطينية، أما خلايا جسمك فتمر في أطوار عدة؛ لإنتاج نسخ متماثلة من الخلايا، دون استخدام ماكينات تصوير، فجسمك يحتاج إلى خلايا جديدة في كل وقت، لماذا؟
صف ما حدث للخلية الواحدة في الشكل.
ما الهدف من انقسام الخلايا؟
هل يستمر انقسام الخلايا بالسرعة نفسها مع التقدم في العمر؟
كثير من الخلايا في أجسامنا تنقسم وتتكاثر، فتنتج خلايا جديدة، قد تكون مطابقة للخلايا الأصلية، أو غير مطابقة. وقبل انقسام الخلايا تكون الكروموسومات مفردة، وعلى شكل خيوط طويلة رفيعة ومتشابكة داخل النواة في الخلايا، تسمى شبكة كروماتينية.
ولا يمكن مشاهدتها على هيئة كروموسومات مستقلة بوضوح في حال عدم انقسام الخلية. يحدث تضاعف لمادة الوراثة (DNA) والعضيات، قبل البدء بعملية الانقسام.
يوضح الشكل مراحل تضاعف الكروموسومات في نواة الخلية: قبل التضاعف، تضاعف DNA، ثم ظهور نسخة أصلية ونسخة جديدة.","يوجد في صفك نسخ عدة متماثلة من كتاب العلوم، وقد طبع من هذا الكتاب آلاف النسخ، لطلبة الصف الثامن في المدارس الفلسطينية، أما خلايا جسمك فتمر في أطوار عدة؛ لإنتاج نسخ متماثلة من الخلايا، دون استخدام ماكينات تصوير، فجسمك يحتاج إلى خلايا جديدة في كل وقت، لماذا؟
صف ما حدث للخلية الواحدة في الشكل.
ما الهدف من انقسام الخلايا؟
هل يستمر انقسام الخلايا بالسرعة نفسها مع التقدم في العمر؟
كثير من الخلايا في أجسامنا تنقسم وتتكاثر، فتنتج خلايا جديدة، قد تكون مطابقة للخلايا الأصلية، أو غير مطابقة. وقبل انقسام الخلايا تكون الكروموسومات مفردة، وعلى شكل خيوط طويلة رفيعة ومتشابكة داخل النواة في الخلايا، تسمى شبكة كروماتينية.
ولا يمكن مشاهدتها على هيئة كروموسومات مستقلة بوضوح في حال عدم انقسام الخلية. يحدث تضاعف لمادة الوراثة (DNA) والعضيات، قبل البدء بعملية الانقسام.
يوضح الشكل مراحل تضاعف الكروموسومات في نواة الخلية: قبل التضاعف، تضاعف DNA، ثم ظهور نسخة أصلية ونسخة جديدة."
C_Broad,O0,C03,Duplicated Chromosome Structure,"p25_u01, p25_u02, p25_u03, p25_u04, p25_u05, p25_u06, p25_u07",,"p25_u01, p25_u02, p25_u03, p25_u04, p25_u05, p25_u06, p25_u07",120,120,"حيث يظهر كل كروموسوم متضاعف تحت المجهر الإلكتروني مكوناً من كروماتيدين (كروماتيد أصلي وكروماتيد جديد). يرتبط كل كروماتيدين بنقطة تسمى السنترومير.
يوضح الشكل كروموسومات غير متضاعفة ثم كروموسومات متكاثرة متضاعفة، مع السنترومير والكروماتيدات الشقيقة.
أنواع انقسام الخلايا
المواد والأدوات: لوح كرتون أو خشبي رقيق (50 سم × 50 سم)، ومقص، وخيوط صوف ملونة، ومادة لاصقة.
خطوات العمل: 1- قص خيوط الصوف بأطوال مختلفة، ثم اربط كل خيطين متشابهين في اللون والطول من المنتصف بخيط من لون آخر، يمثل السنترومير. 2- ألصق أزواج الخيوط الملونة على اللوح الذي أحضرته. 3- أجب عن الأسئلة الآتية.
اقترح مواد وطرقاً أخرى لتمثيل الكروموسوم.
لو وضعت خيط الصوف أسفل عدسة محدبة كبيرة، أو شاهدته تحت المجهر التشريحي، ماذا ستلاحظ؟ وما وجه الشبه مع بنية الكروموسوم؟","حيث يظهر كل كروموسوم متضاعف تحت المجهر الإلكتروني مكوناً من كروماتيدين (كروماتيد أصلي وكروماتيد جديد). يرتبط كل كروماتيدين بنقطة تسمى السنترومير.
يوضح الشكل كروموسومات غير متضاعفة ثم كروموسومات متكاثرة متضاعفة، مع السنترومير والكروماتيدات الشقيقة.
أنواع انقسام الخلايا
المواد والأدوات: لوح كرتون أو خشبي رقيق (50 سم × 50 سم)، ومقص، وخيوط صوف ملونة، ومادة لاصقة.
خطوات العمل: 1- قص خيوط الصوف بأطوال مختلفة، ثم اربط كل خيطين متشابهين في اللون والطول من المنتصف بخيط من لون آخر، يمثل السنترومير. 2- ألصق أزواج الخيوط الملونة على اللوح الذي أحضرته. 3- أجب عن الأسئلة الآتية.
اقترح مواد وطرقاً أخرى لتمثيل الكروموسوم.
لو وضعت خيط الصوف أسفل عدسة محدبة كبيرة، أو شاهدته تحت المجهر التشريحي، ماذا ستلاحظ؟ وما وجه الشبه مع بنية الكروموسوم؟"
C_Broad,O0,C04,Somatic and Reproductive Cells,"p25_u08, p25_u09, p26_u01",,"p25_u08, p25_u09, p26_u01",61,61,"تتكون أجسام الكائنات الحية عديدة الخلايا التي تتكاثر جنسياً من نوعين رئيسين من الخلايا، هما:
الخلايا الجسمية: تشمل خلايا جسم الكائنات الحية الراقية، وتنقسم النواة بطريقة الانقسام المتساوي، وينتج عنه خليتان (ابنتان)، تحتوي كلاهما على العدد نفسه من الكروموسومات.
الخلايا التناسلية (الجنسية المنتجة للغاميتات): توجد في الأعضاء الجنسية الذكرية والأنثوية لدى معظم الحيوانات والنباتات، وتنقسم النواة بطريقة الانقسام المنصف منتجة الغاميتات.","تتكون أجسام الكائنات الحية عديدة الخلايا التي تتكاثر جنسياً من نوعين رئيسين من الخلايا، هما:
الخلايا الجسمية: تشمل خلايا جسم الكائنات الحية الراقية، وتنقسم النواة بطريقة الانقسام المتساوي، وينتج عنه خليتان (ابنتان)، تحتوي كلاهما على العدد نفسه من الكروموسومات.
الخلايا التناسلية (الجنسية المنتجة للغاميتات): توجد في الأعضاء الجنسية الذكرية والأنثوية لدى معظم الحيوانات والنباتات، وتنقسم النواة بطريقة الانقسام المنصف منتجة الغاميتات."
C_Broad,O0,C05,"Mitosis: Preparation, Purpose and Stages","p26_u02, p26_u03, p26_u04, p26_u05, p26_u06, p26_u07, p26_u08, p26_u09, p26_u10",,"p26_u02, p26_u03, p26_u04, p26_u05, p26_u06, p26_u07, p26_u08, p26_u09, p26_u10",133,133,"انقسام الخلايا
قبل دخول الخلية في عملية الانقسام الخلوي تمر بمرحلة تحضيرية، تسمى الطور البيني، تنمو فيه الخلية ويزداد حجمها، وتتضاعف كمية المادة الوراثية (DNA).
الانقسام المتساوي: يحدث في جميع خلايا الكائنات الحية وحيدة الخلية لتتكاثر مثل البراميسيوم، وعديدة الخلايا مثل الإنسان؛ للنمو، وتعويض الخلايا التالفة.
ادرس مراحل الانقسام المتساوي للخلية في الشكل أدناه، ثم أجب عن الأسئلة التي تليه.
الدور التمهيدي: تظهر كروموسومات قصيرة وغليظة متضاعفة، يختفي الغلاف النووي، وتختفي النوية.
الدور الاستوائي: تترتب الكروموسومات المتضاعفة فرادى في منتصف الخلية، وترتبط خيوط المغزل بسنترومير كل كروموسوم من القطبين.
الدور الانفصالي: تتباعد الكروماتيدات الشقيقة بفعل انكماش خيوط المغزل كل إلى قطب.
الدور النهائي: تتجمع الكروموسومات الوليدة في منتصف كل خلية جديدة، ويبدأ الغلاف النووي بالتكون والسيتوبلازم بالانقسام.
انقسام السيتوبلازم: ينقسم السيتوبلازم وتنتج خليتان متماثلتان تحوي كل منهما على نفس عدد كروموسومات الخلية الأم.","انقسام الخلايا
قبل دخول الخلية في عملية الانقسام الخلوي تمر بمرحلة تحضيرية، تسمى الطور البيني، تنمو فيه الخلية ويزداد حجمها، وتتضاعف كمية المادة الوراثية (DNA).
الانقسام المتساوي: يحدث في جميع خلايا الكائنات الحية وحيدة الخلية لتتكاثر مثل البراميسيوم، وعديدة الخلايا مثل الإنسان؛ للنمو، وتعويض الخلايا التالفة.
ادرس مراحل الانقسام المتساوي للخلية في الشكل أدناه، ثم أجب عن الأسئلة التي تليه.
الدور التمهيدي: تظهر كروموسومات قصيرة وغليظة متضاعفة، يختفي الغلاف النووي، وتختفي النوية.
الدور الاستوائي: تترتب الكروموسومات المتضاعفة فرادى في منتصف الخلية، وترتبط خيوط المغزل بسنترومير كل كروموسوم من القطبين.
الدور الانفصالي: تتباعد الكروماتيدات الشقيقة بفعل انكماش خيوط المغزل كل إلى قطب.
الدور النهائي: تتجمع الكروموسومات الوليدة في منتصف كل خلية جديدة، ويبدأ الغلاف النووي بالتكون والسيتوبلازم بالانقسام.
انقسام السيتوبلازم: ينقسم السيتوبلازم وتنتج خليتان متماثلتان تحوي كل منهما على نفس عدد كروموسومات الخلية الأم."
C_Broad,O0,C06,Mitosis Questions,"p27_u01, p27_u02, p27_u03, p27_u04, p27_u05, p27_u06, p27_u07",,"p27_u01, p27_u02, p27_u03, p27_u04, p27_u05, p27_u06, p27_u07",59,59,"ماذا يحدث إذا لم تمر الخلية في الطور البيني؟
من خلال الشكل أعلاه، حدد الأدوار التي يمر بها الانقسام المتساوي؟
ما أهمية المريكزات، وخيوط المغزل في عملية الانقسام المتساوي؟
لماذا تترتب الكروموسومات فرادى في منتصف الخلية في الدور الاستوائي؟
هل الخلية المنقسمة حيوانية أم نباتية؟ فسر إجابتك.
ما عدد الخلايا الناتجة عن الانقسام؟
ما عدد الكروموسومات في الخلايا الناتجة؟","ماذا يحدث إذا لم تمر الخلية في الطور البيني؟
من خلال الشكل أعلاه، حدد الأدوار التي يمر بها الانقسام المتساوي؟
ما أهمية المريكزات، وخيوط المغزل في عملية الانقسام المتساوي؟
لماذا تترتب الكروموسومات فرادى في منتصف الخلية في الدور الاستوائي؟
هل الخلية المنقسمة حيوانية أم نباتية؟ فسر إجابتك.
ما عدد الخلايا الناتجة عن الانقسام؟
ما عدد الكروموسومات في الخلايا الناتجة؟"
C_Broad,O0,C07,Plant and Animal Cell Division,"p27_u08, p27_u09, p27_u10",,"p27_u08, p27_u09, p27_u10",55,55,"عرض معلم العلوم والحياة على طلبته الشكل الآتي، ساعد الطلبة في تحديد أهم نقاط الاختلاف بين انقسام كل من الخلية الحيوانية والخلية النباتية؟
يوضح الجزء الخاص بالخلية النباتية: الدور الانفصالي، الدور النهائي، انقسام السيتوبلازم، تجمعات بروتينية، أكياس غشائية، وتكون الصفيحة الوسطى.
يوضح الجزء الخاص بالخلية الحيوانية: الدور الانفصالي، الدور النهائي، انقسام السيتوبلازم، المريكز، وتخصر الغشاء.","عرض معلم العلوم والحياة على طلبته الشكل الآتي، ساعد الطلبة في تحديد أهم نقاط الاختلاف بين انقسام كل من الخلية الحيوانية والخلية النباتية؟
يوضح الجزء الخاص بالخلية النباتية: الدور الانفصالي، الدور النهائي، انقسام السيتوبلازم، تجمعات بروتينية، أكياس غشائية، وتكون الصفيحة الوسطى.
يوضح الجزء الخاص بالخلية الحيوانية: الدور الانفصالي، الدور النهائي، انقسام السيتوبلازم، المريكز، وتخصر الغشاء."
C_Broad,O0,C08,Meiosis,"p28_u01, p28_u02, p28_u03, p28_u04, p28_u05, p28_u06, p28_u07, p28_u08, p28_u09",,"p28_u01, p28_u02, p28_u03, p28_u04, p28_u05, p28_u06, p28_u07, p28_u08, p28_u09",132,132,"ادرس الشكل المجاور، وأجب عن الأسئلة الآتية.
يوضح الشكل خلية إنسان تحتوي على 46 كروموسوماً، ثم خلايا تحتوي على 23 كروموسوماً، وتنتهي العملية بأربع خلايا تحتوي كل منها على 23 كروموسوماً.
سم الخلايا التي يحدث فيها هذا النوع من الانقسام.
ما المقصود بالانقسام المنصف؟
ما عدد الخلايا الناتجة عنه؟
ما عدد الكروموسومات في الخلايا الناتجة؟
ماذا يطلق على الخلايا الناتجة؟
ماذا تتوقع أن يحدث إذا وقع خلل أثناء انقسام الخلية الجنسية المنتجة للغاميتات في الإنسان، وتنتج الحيوان المنوي، أو البويضة، بحيث يحتوي كل منهما على عدد كروموسومات أقل أو أكبر من العدد النصفي للكروموسومات؟
ينتج عن الانقسام المنصف لخلية تناسلية أربع خلايا، تحتوي كل منها على نصف العدد الأصلي من الكروموسومات في الخلية الأم وتسمى غاميتات، ويسهم هذا النوع من الانقسام في ثبات عدد الكروموسومات في خلايا النوع الواحد من الكائنات الحية.","ادرس الشكل المجاور، وأجب عن الأسئلة الآتية.
يوضح الشكل خلية إنسان تحتوي على 46 كروموسوماً، ثم خلايا تحتوي على 23 كروموسوماً، وتنتهي العملية بأربع خلايا تحتوي كل منها على 23 كروموسوماً.
سم الخلايا التي يحدث فيها هذا النوع من الانقسام.
ما المقصود بالانقسام المنصف؟
ما عدد الخلايا الناتجة عنه؟
ما عدد الكروموسومات في الخلايا الناتجة؟
ماذا يطلق على الخلايا الناتجة؟
ماذا تتوقع أن يحدث إذا وقع خلل أثناء انقسام الخلية الجنسية المنتجة للغاميتات في الإنسان، وتنتج الحيوان المنوي، أو البويضة، بحيث يحتوي كل منهما على عدد كروموسومات أقل أو أكبر من العدد النصفي للكروموسومات؟
ينتج عن الانقسام المنصف لخلية تناسلية أربع خلايا، تحتوي كل منها على نصف العدد الأصلي من الكروموسومات في الخلية الأم وتسمى غاميتات، ويسهم هذا النوع من الانقسام في ثبات عدد الكروموسومات في خلايا النوع الواحد من الكائنات الحية."
C_Broad,O0,C09,Chromosome Number Changes and Down Syndrome,"p28_u10, p28_u11, p28_u12, p29_u01, p29_u02, p29_u03, p29_u04, p29_u05, p29_u06, p29_u07, p29_u08, p29_u09, p29_u10",,"p28_u10, p28_u11, p28_u12, p29_u01, p29_u02, p29_u03, p29_u04, p29_u05, p29_u06, p29_u07, p29_u08, p29_u09, p29_u10",253,253,"متلازمة داون وقصة نجاح فلسطينية
هبة الشرفا فتاة فلسطينية من مدينة غزة، مصابة بمتلازمة داون، حصلت على وسام معلمة للمرحلة الأساسية؛ لإسهامها في تعليم الطلبة في جمعية «الحق في الحياة»، مع أنها لم تكمل دراستها، إلا أنها استطاعت أن تكون عضواً فاعلاً في المجتمع، وتركت أثراً إيجابياً في تعليم ذوي صعوبات التعلم.
إن عدد الكروموسومات في أنوية خلايا الكائن الحي ثابت، وأي تغير في عددها، نقص أو زيادة، يحدث تغيراً في صفات الكائن الحي وهو ما يسمى بالطفرة ففي كل خلية من
خلايا الإنسان العادي (46) كروموسوماً، ولكن يولد بعض الأطفال وعندهم زيادة كروموسوم فتحتوي كل خلية من خلايا الجسم على (47) كروموسوماً، ويطلق عليهم متلازمة داون.
تظهر على المصاب بمتلازمة داون بعض الصفات المظهرية الآتية: وجود ثنية إضافية في جفن العين، قصر القامة، رؤوسهم منبسطة، جبهتهم بارزة، لسانهم كبير الحجم، ذو أيد وأقدام قصيرة، يعاني معظمهم من صعوبات في التعلم.
هل التقيت شخصاً مصاباً بمتلازمة داون؟
كيف يمكنك مساعدتهم في الاندماج في المجتمع؟
نشاط (7) التعلم بالحياة
تحدث عن بعض حالات متلازمة داون، التي لها دور إيجابي في المجتمع.
لاحظ خريطة الكروموسومات لشخص مصاب بمتلازمة داون. استنتج سبب الاختلاف، ومكانه.
تظهر خريطة الكروموسومات وجود كروموسوم ثالث ضمن الزوج الكروموسومي الجسمي رقم (21).
لعلك لاحظت من الشكل المجاور أن الزوج الكروموسومي الجسمي (21) أضيف إليه كروموسوم ثالث، وسبب هذا حدوث خلل أثناء الانقسام المنصف في الخلايا الجنسية عند أحد الآباء، فينتج غاميت يحتوي على (24) كروموسوماً، وعندما يخصب بغاميت يحتوي العدد الطبيعي (23) كروموسوماً، ينتج فرد تحتوي خلاياه على (47) كروموسوماً.
وقد تم اكتشاف أول حالة عام 1866م، من قبل العالم (لانغدون داون).","متلازمة داون وقصة نجاح فلسطينية
هبة الشرفا فتاة فلسطينية من مدينة غزة، مصابة بمتلازمة داون، حصلت على وسام معلمة للمرحلة الأساسية؛ لإسهامها في تعليم الطلبة في جمعية «الحق في الحياة»، مع أنها لم تكمل دراستها، إلا أنها استطاعت أن تكون عضواً فاعلاً في المجتمع، وتركت أثراً إيجابياً في تعليم ذوي صعوبات التعلم.
إن عدد الكروموسومات في أنوية خلايا الكائن الحي ثابت، وأي تغير في عددها، نقص أو زيادة، يحدث تغيراً في صفات الكائن الحي وهو ما يسمى بالطفرة ففي كل خلية من
خلايا الإنسان العادي (46) كروموسوماً، ولكن يولد بعض الأطفال وعندهم زيادة كروموسوم فتحتوي كل خلية من خلايا الجسم على (47) كروموسوماً، ويطلق عليهم متلازمة داون.
تظهر على المصاب بمتلازمة داون بعض الصفات المظهرية الآتية: وجود ثنية إضافية في جفن العين، قصر القامة، رؤوسهم منبسطة، جبهتهم بارزة، لسانهم كبير الحجم، ذو أيد وأقدام قصيرة، يعاني معظمهم من صعوبات في التعلم.
هل التقيت شخصاً مصاباً بمتلازمة داون؟
كيف يمكنك مساعدتهم في الاندماج في المجتمع؟
نشاط (7) التعلم بالحياة
تحدث عن بعض حالات متلازمة داون، التي لها دور إيجابي في المجتمع.
لاحظ خريطة الكروموسومات لشخص مصاب بمتلازمة داون. استنتج سبب الاختلاف، ومكانه.
تظهر خريطة الكروموسومات وجود كروموسوم ثالث ضمن الزوج الكروموسومي الجسمي رقم (21).
لعلك لاحظت من الشكل المجاور أن الزوج الكروموسومي الجسمي (21) أضيف إليه كروموسوم ثالث، وسبب هذا حدوث خلل أثناء الانقسام المنصف في الخلايا الجنسية عند أحد الآباء، فينتج غاميت يحتوي على (24) كروموسوماً، وعندما يخصب بغاميت يحتوي العدد الطبيعي (23) كروموسوماً، ينتج فرد تحتوي خلاياه على (47) كروموسوماً.
وقد تم اكتشاف أول حالة عام 1866م، من قبل العالم (لانغدون داون)."
C_Broad,O1,C01,Chromosome Numbers in Living Organisms,"p23_u01, p23_u02, p23_u03, p23_u04, p23_u05",,"p23_u01, p23_u02, p23_u03, p23_u04, p23_u05",81,81,"الدرس (3): انقسام الخلايا
قامت هند بجولة في مزرعة جدها، ثم التقطت مجموعة من الصور لعدد من الكائنات الحية الموجودة فيها ثم بحثت وكتبت عدد الكروموسومات على كل منها، تأمل الصور الآتية، ثم أجب عن الأسئلة التي تليها.
تُظهر الصور أعداد الكروموسومات للكائنات الآتية: البطاطا 48، الحصان 64، النملة 48، الإنسان 46، الشمبانزي 48، الحمار 62، الخيار 14، الدجاج 78.
هل يوجد علاقة بين حجم الكائن الحي وعدد الكروموسومات في خلايا جسمه؟
هل عدد الكروموسومات يحدد صفات الكائن الحي؟ وضح ذلك.","الدرس (3): انقسام الخلايا
قامت هند بجولة في مزرعة جدها، ثم التقطت مجموعة من الصور لعدد من الكائنات الحية الموجودة فيها ثم بحثت وكتبت عدد الكروموسومات على كل منها، تأمل الصور الآتية، ثم أجب عن الأسئلة التي تليها.
تُظهر الصور أعداد الكروموسومات للكائنات الآتية: البطاطا 48، الحصان 64، النملة 48، الإنسان 46، الشمبانزي 48، الحمار 62، الخيار 14، الدجاج 78.
هل يوجد علاقة بين حجم الكائن الحي وعدد الكروموسومات في خلايا جسمه؟
هل عدد الكروموسومات يحدد صفات الكائن الحي؟ وضح ذلك."
C_Broad,O1,C02,Cell Division and Preparation,"p24_u01, p24_u02, p24_u03, p24_u04, p24_u05, p24_u06, p24_u07",p23_u05,"p23_u05, p24_u01, p24_u02, p24_u03, p24_u04, p24_u05, p24_u06, p24_u07",147,156,"يوجد في صفك نسخ عدة متماثلة من كتاب العلوم، وقد طبع من هذا الكتاب آلاف النسخ، لطلبة الصف الثامن في المدارس الفلسطينية، أما خلايا جسمك فتمر في أطوار عدة؛ لإنتاج نسخ متماثلة من الخلايا، دون استخدام ماكينات تصوير، فجسمك يحتاج إلى خلايا جديدة في كل وقت، لماذا؟
صف ما حدث للخلية الواحدة في الشكل.
ما الهدف من انقسام الخلايا؟
هل يستمر انقسام الخلايا بالسرعة نفسها مع التقدم في العمر؟
كثير من الخلايا في أجسامنا تنقسم وتتكاثر، فتنتج خلايا جديدة، قد تكون مطابقة للخلايا الأصلية، أو غير مطابقة. وقبل انقسام الخلايا تكون الكروموسومات مفردة، وعلى شكل خيوط طويلة رفيعة ومتشابكة داخل النواة في الخلايا، تسمى شبكة كروماتينية.
ولا يمكن مشاهدتها على هيئة كروموسومات مستقلة بوضوح في حال عدم انقسام الخلية. يحدث تضاعف لمادة الوراثة (DNA) والعضيات، قبل البدء بعملية الانقسام.
يوضح الشكل مراحل تضاعف الكروموسومات في نواة الخلية: قبل التضاعف، تضاعف DNA، ثم ظهور نسخة أصلية ونسخة جديدة.","هل عدد الكروموسومات يحدد صفات الكائن الحي؟ وضح ذلك.
يوجد في صفك نسخ عدة متماثلة من كتاب العلوم، وقد طبع من هذا الكتاب آلاف النسخ، لطلبة الصف الثامن في المدارس الفلسطينية، أما خلايا جسمك فتمر في أطوار عدة؛ لإنتاج نسخ متماثلة من الخلايا، دون استخدام ماكينات تصوير، فجسمك يحتاج إلى خلايا جديدة في كل وقت، لماذا؟
صف ما حدث للخلية الواحدة في الشكل.
ما الهدف من انقسام الخلايا؟
هل يستمر انقسام الخلايا بالسرعة نفسها مع التقدم في العمر؟
كثير من الخلايا في أجسامنا تنقسم وتتكاثر، فتنتج خلايا جديدة، قد تكون مطابقة للخلايا الأصلية، أو غير مطابقة. وقبل انقسام الخلايا تكون الكروموسومات مفردة، وعلى شكل خيوط طويلة رفيعة ومتشابكة داخل النواة في الخلايا، تسمى شبكة كروماتينية.
ولا يمكن مشاهدتها على هيئة كروموسومات مستقلة بوضوح في حال عدم انقسام الخلية. يحدث تضاعف لمادة الوراثة (DNA) والعضيات، قبل البدء بعملية الانقسام.
يوضح الشكل مراحل تضاعف الكروموسومات في نواة الخلية: قبل التضاعف، تضاعف DNA، ثم ظهور نسخة أصلية ونسخة جديدة."
C_Broad,O1,C03,Duplicated Chromosome Structure,"p25_u01, p25_u02, p25_u03, p25_u04, p25_u05, p25_u06, p25_u07",p24_u07,"p24_u07, p25_u01, p25_u02, p25_u03, p25_u04, p25_u05, p25_u06, p25_u07",120,138,"حيث يظهر كل كروموسوم متضاعف تحت المجهر الإلكتروني مكوناً من كروماتيدين (كروماتيد أصلي وكروماتيد جديد). يرتبط كل كروماتيدين بنقطة تسمى السنترومير.
يوضح الشكل كروموسومات غير متضاعفة ثم كروموسومات متكاثرة متضاعفة، مع السنترومير والكروماتيدات الشقيقة.
أنواع انقسام الخلايا
المواد والأدوات: لوح كرتون أو خشبي رقيق (50 سم × 50 سم)، ومقص، وخيوط صوف ملونة، ومادة لاصقة.
خطوات العمل: 1- قص خيوط الصوف بأطوال مختلفة، ثم اربط كل خيطين متشابهين في اللون والطول من المنتصف بخيط من لون آخر، يمثل السنترومير. 2- ألصق أزواج الخيوط الملونة على اللوح الذي أحضرته. 3- أجب عن الأسئلة الآتية.
اقترح مواد وطرقاً أخرى لتمثيل الكروموسوم.
لو وضعت خيط الصوف أسفل عدسة محدبة كبيرة، أو شاهدته تحت المجهر التشريحي، ماذا ستلاحظ؟ وما وجه الشبه مع بنية الكروموسوم؟","يوضح الشكل مراحل تضاعف الكروموسومات في نواة الخلية: قبل التضاعف، تضاعف DNA، ثم ظهور نسخة أصلية ونسخة جديدة.
حيث يظهر كل كروموسوم متضاعف تحت المجهر الإلكتروني مكوناً من كروماتيدين (كروماتيد أصلي وكروماتيد جديد). يرتبط كل كروماتيدين بنقطة تسمى السنترومير.
يوضح الشكل كروموسومات غير متضاعفة ثم كروموسومات متكاثرة متضاعفة، مع السنترومير والكروماتيدات الشقيقة.
أنواع انقسام الخلايا
المواد والأدوات: لوح كرتون أو خشبي رقيق (50 سم × 50 سم)، ومقص، وخيوط صوف ملونة، ومادة لاصقة.
خطوات العمل: 1- قص خيوط الصوف بأطوال مختلفة، ثم اربط كل خيطين متشابهين في اللون والطول من المنتصف بخيط من لون آخر، يمثل السنترومير. 2- ألصق أزواج الخيوط الملونة على اللوح الذي أحضرته. 3- أجب عن الأسئلة الآتية.
اقترح مواد وطرقاً أخرى لتمثيل الكروموسوم.
لو وضعت خيط الصوف أسفل عدسة محدبة كبيرة، أو شاهدته تحت المجهر التشريحي، ماذا ستلاحظ؟ وما وجه الشبه مع بنية الكروموسوم؟"
C_Broad,O1,C04,Somatic and Reproductive Cells,"p25_u08, p25_u09, p26_u01",p25_u07,"p25_u07, p25_u08, p25_u09, p26_u01",61,82,"تتكون أجسام الكائنات الحية عديدة الخلايا التي تتكاثر جنسياً من نوعين رئيسين من الخلايا، هما:
الخلايا الجسمية: تشمل خلايا جسم الكائنات الحية الراقية، وتنقسم النواة بطريقة الانقسام المتساوي، وينتج عنه خليتان (ابنتان)، تحتوي كلاهما على العدد نفسه من الكروموسومات.
الخلايا التناسلية (الجنسية المنتجة للغاميتات): توجد في الأعضاء الجنسية الذكرية والأنثوية لدى معظم الحيوانات والنباتات، وتنقسم النواة بطريقة الانقسام المنصف منتجة الغاميتات.","لو وضعت خيط الصوف أسفل عدسة محدبة كبيرة، أو شاهدته تحت المجهر التشريحي، ماذا ستلاحظ؟ وما وجه الشبه مع بنية الكروموسوم؟
تتكون أجسام الكائنات الحية عديدة الخلايا التي تتكاثر جنسياً من نوعين رئيسين من الخلايا، هما:
الخلايا الجسمية: تشمل خلايا جسم الكائنات الحية الراقية، وتنقسم النواة بطريقة الانقسام المتساوي، وينتج عنه خليتان (ابنتان)، تحتوي كلاهما على العدد نفسه من الكروموسومات.
الخلايا التناسلية (الجنسية المنتجة للغاميتات): توجد في الأعضاء الجنسية الذكرية والأنثوية لدى معظم الحيوانات والنباتات، وتنقسم النواة بطريقة الانقسام المنصف منتجة الغاميتات."
C_Broad,O1,C05,"Mitosis: Preparation, Purpose and Stages","p26_u02, p26_u03, p26_u04, p26_u05, p26_u06, p26_u07, p26_u08, p26_u09, p26_u10",p26_u01,"p26_u01, p26_u02, p26_u03, p26_u04, p26_u05, p26_u06, p26_u07, p26_u08, p26_u09, p26_u10",133,155,"انقسام الخلايا
قبل دخول الخلية في عملية الانقسام الخلوي تمر بمرحلة تحضيرية، تسمى الطور البيني، تنمو فيه الخلية ويزداد حجمها، وتتضاعف كمية المادة الوراثية (DNA).
الانقسام المتساوي: يحدث في جميع خلايا الكائنات الحية وحيدة الخلية لتتكاثر مثل البراميسيوم، وعديدة الخلايا مثل الإنسان؛ للنمو، وتعويض الخلايا التالفة.
ادرس مراحل الانقسام المتساوي للخلية في الشكل أدناه، ثم أجب عن الأسئلة التي تليه.
الدور التمهيدي: تظهر كروموسومات قصيرة وغليظة متضاعفة، يختفي الغلاف النووي، وتختفي النوية.
الدور الاستوائي: تترتب الكروموسومات المتضاعفة فرادى في منتصف الخلية، وترتبط خيوط المغزل بسنترومير كل كروموسوم من القطبين.
الدور الانفصالي: تتباعد الكروماتيدات الشقيقة بفعل انكماش خيوط المغزل كل إلى قطب.
الدور النهائي: تتجمع الكروموسومات الوليدة في منتصف كل خلية جديدة، ويبدأ الغلاف النووي بالتكون والسيتوبلازم بالانقسام.
انقسام السيتوبلازم: ينقسم السيتوبلازم وتنتج خليتان متماثلتان تحوي كل منهما على نفس عدد كروموسومات الخلية الأم.","الخلايا التناسلية (الجنسية المنتجة للغاميتات): توجد في الأعضاء الجنسية الذكرية والأنثوية لدى معظم الحيوانات والنباتات، وتنقسم النواة بطريقة الانقسام المنصف منتجة الغاميتات.
انقسام الخلايا
قبل دخول الخلية في عملية الانقسام الخلوي تمر بمرحلة تحضيرية، تسمى الطور البيني، تنمو فيه الخلية ويزداد حجمها، وتتضاعف كمية المادة الوراثية (DNA).
الانقسام المتساوي: يحدث في جميع خلايا الكائنات الحية وحيدة الخلية لتتكاثر مثل البراميسيوم، وعديدة الخلايا مثل الإنسان؛ للنمو، وتعويض الخلايا التالفة.
ادرس مراحل الانقسام المتساوي للخلية في الشكل أدناه، ثم أجب عن الأسئلة التي تليه.
الدور التمهيدي: تظهر كروموسومات قصيرة وغليظة متضاعفة، يختفي الغلاف النووي، وتختفي النوية.
الدور الاستوائي: تترتب الكروموسومات المتضاعفة فرادى في منتصف الخلية، وترتبط خيوط المغزل بسنترومير كل كروموسوم من القطبين.
الدور الانفصالي: تتباعد الكروماتيدات الشقيقة بفعل انكماش خيوط المغزل كل إلى قطب.
الدور النهائي: تتجمع الكروموسومات الوليدة في منتصف كل خلية جديدة، ويبدأ الغلاف النووي بالتكون والسيتوبلازم بالانقسام.
انقسام السيتوبلازم: ينقسم السيتوبلازم وتنتج خليتان متماثلتان تحوي كل منهما على نفس عدد كروموسومات الخلية الأم."
C_Broad,O1,C06,Mitosis Questions,"p27_u01, p27_u02, p27_u03, p27_u04, p27_u05, p27_u06, p27_u07",p26_u10,"p26_u10, p27_u01, p27_u02, p27_u03, p27_u04, p27_u05, p27_u06, p27_u07",59,75,"ماذا يحدث إذا لم تمر الخلية في الطور البيني؟
من خلال الشكل أعلاه، حدد الأدوار التي يمر بها الانقسام المتساوي؟
ما أهمية المريكزات، وخيوط المغزل في عملية الانقسام المتساوي؟
لماذا تترتب الكروموسومات فرادى في منتصف الخلية في الدور الاستوائي؟
هل الخلية المنقسمة حيوانية أم نباتية؟ فسر إجابتك.
ما عدد الخلايا الناتجة عن الانقسام؟
ما عدد الكروموسومات في الخلايا الناتجة؟","انقسام السيتوبلازم: ينقسم السيتوبلازم وتنتج خليتان متماثلتان تحوي كل منهما على نفس عدد كروموسومات الخلية الأم.
ماذا يحدث إذا لم تمر الخلية في الطور البيني؟
من خلال الشكل أعلاه، حدد الأدوار التي يمر بها الانقسام المتساوي؟
ما أهمية المريكزات، وخيوط المغزل في عملية الانقسام المتساوي؟
لماذا تترتب الكروموسومات فرادى في منتصف الخلية في الدور الاستوائي؟
هل الخلية المنقسمة حيوانية أم نباتية؟ فسر إجابتك.
ما عدد الخلايا الناتجة عن الانقسام؟
ما عدد الكروموسومات في الخلايا الناتجة؟"
C_Broad,O1,C07,Plant and Animal Cell Division,"p27_u08, p27_u09, p27_u10",p27_u07,"p27_u07, p27_u08, p27_u09, p27_u10",55,61,"عرض معلم العلوم والحياة على طلبته الشكل الآتي، ساعد الطلبة في تحديد أهم نقاط الاختلاف بين انقسام كل من الخلية الحيوانية والخلية النباتية؟
يوضح الجزء الخاص بالخلية النباتية: الدور الانفصالي، الدور النهائي، انقسام السيتوبلازم، تجمعات بروتينية، أكياس غشائية، وتكون الصفيحة الوسطى.
يوضح الجزء الخاص بالخلية الحيوانية: الدور الانفصالي، الدور النهائي، انقسام السيتوبلازم، المريكز، وتخصر الغشاء.","ما عدد الكروموسومات في الخلايا الناتجة؟
عرض معلم العلوم والحياة على طلبته الشكل الآتي، ساعد الطلبة في تحديد أهم نقاط الاختلاف بين انقسام كل من الخلية الحيوانية والخلية النباتية؟
يوضح الجزء الخاص بالخلية النباتية: الدور الانفصالي، الدور النهائي، انقسام السيتوبلازم، تجمعات بروتينية، أكياس غشائية، وتكون الصفيحة الوسطى.
يوضح الجزء الخاص بالخلية الحيوانية: الدور الانفصالي، الدور النهائي، انقسام السيتوبلازم، المريكز، وتخصر الغشاء."
C_Broad,O1,C08,Meiosis,"p28_u01, p28_u02, p28_u03, p28_u04, p28_u05, p28_u06, p28_u07, p28_u08, p28_u09",p27_u10,"p27_u10, p28_u01, p28_u02, p28_u03, p28_u04, p28_u05, p28_u06, p28_u07, p28_u08, p28_u09",132,146,"ادرس الشكل المجاور، وأجب عن الأسئلة الآتية.
يوضح الشكل خلية إنسان تحتوي على 46 كروموسوماً، ثم خلايا تحتوي على 23 كروموسوماً، وتنتهي العملية بأربع خلايا تحتوي كل منها على 23 كروموسوماً.
سم الخلايا التي يحدث فيها هذا النوع من الانقسام.
ما المقصود بالانقسام المنصف؟
ما عدد الخلايا الناتجة عنه؟
ما عدد الكروموسومات في الخلايا الناتجة؟
ماذا يطلق على الخلايا الناتجة؟
ماذا تتوقع أن يحدث إذا وقع خلل أثناء انقسام الخلية الجنسية المنتجة للغاميتات في الإنسان، وتنتج الحيوان المنوي، أو البويضة، بحيث يحتوي كل منهما على عدد كروموسومات أقل أو أكبر من العدد النصفي للكروموسومات؟
ينتج عن الانقسام المنصف لخلية تناسلية أربع خلايا، تحتوي كل منها على نصف العدد الأصلي من الكروموسومات في الخلية الأم وتسمى غاميتات، ويسهم هذا النوع من الانقسام في ثبات عدد الكروموسومات في خلايا النوع الواحد من الكائنات الحية.","يوضح الجزء الخاص بالخلية الحيوانية: الدور الانفصالي، الدور النهائي، انقسام السيتوبلازم، المريكز، وتخصر الغشاء.
ادرس الشكل المجاور، وأجب عن الأسئلة الآتية.
يوضح الشكل خلية إنسان تحتوي على 46 كروموسوماً، ثم خلايا تحتوي على 23 كروموسوماً، وتنتهي العملية بأربع خلايا تحتوي كل منها على 23 كروموسوماً.
سم الخلايا التي يحدث فيها هذا النوع من الانقسام.
ما المقصود بالانقسام المنصف؟
ما عدد الخلايا الناتجة عنه؟
ما عدد الكروموسومات في الخلايا الناتجة؟
ماذا يطلق على الخلايا الناتجة؟
ماذا تتوقع أن يحدث إذا وقع خلل أثناء انقسام الخلية الجنسية المنتجة للغاميتات في الإنسان، وتنتج الحيوان المنوي، أو البويضة، بحيث يحتوي كل منهما على عدد كروموسومات أقل أو أكبر من العدد النصفي للكروموسومات؟
ينتج عن الانقسام المنصف لخلية تناسلية أربع خلايا، تحتوي كل منها على نصف العدد الأصلي من الكروموسومات في الخلية الأم وتسمى غاميتات، ويسهم هذا النوع من الانقسام في ثبات عدد الكروموسومات في خلايا النوع الواحد من الكائنات الحية."
C_Broad,O1,C09,Chromosome Number Changes and Down Syndrome,"p28_u10, p28_u11, p28_u12, p29_u01, p29_u02, p29_u03, p29_u04, p29_u05, p29_u06, p29_u07, p29_u08, p29_u09, p29_u10",p28_u09,"p28_u09, p28_u10, p28_u11, p28_u12, p29_u01, p29_u02, p29_u03, p29_u04, p29_u05, p29_u06, p29_u07, p29_u08, p29_u09, p29_u10",253,291,"متلازمة داون وقصة نجاح فلسطينية
هبة الشرفا فتاة فلسطينية من مدينة غزة، مصابة بمتلازمة داون، حصلت على وسام معلمة للمرحلة الأساسية؛ لإسهامها في تعليم الطلبة في جمعية «الحق في الحياة»، مع أنها لم تكمل دراستها، إلا أنها استطاعت أن تكون عضواً فاعلاً في المجتمع، وتركت أثراً إيجابياً في تعليم ذوي صعوبات التعلم.
إن عدد الكروموسومات في أنوية خلايا الكائن الحي ثابت، وأي تغير في عددها، نقص أو زيادة، يحدث تغيراً في صفات الكائن الحي وهو ما يسمى بالطفرة ففي كل خلية من
خلايا الإنسان العادي (46) كروموسوماً، ولكن يولد بعض الأطفال وعندهم زيادة كروموسوم فتحتوي كل خلية من خلايا الجسم على (47) كروموسوماً، ويطلق عليهم متلازمة داون.
تظهر على المصاب بمتلازمة داون بعض الصفات المظهرية الآتية: وجود ثنية إضافية في جفن العين، قصر القامة، رؤوسهم منبسطة، جبهتهم بارزة، لسانهم كبير الحجم، ذو أيد وأقدام قصيرة، يعاني معظمهم من صعوبات في التعلم.
هل التقيت شخصاً مصاباً بمتلازمة داون؟
كيف يمكنك مساعدتهم في الاندماج في المجتمع؟
نشاط (7) التعلم بالحياة
تحدث عن بعض حالات متلازمة داون، التي لها دور إيجابي في المجتمع.
لاحظ خريطة الكروموسومات لشخص مصاب بمتلازمة داون. استنتج سبب الاختلاف، ومكانه.
تظهر خريطة الكروموسومات وجود كروموسوم ثالث ضمن الزوج الكروموسومي الجسمي رقم (21).
لعلك لاحظت من الشكل المجاور أن الزوج الكروموسومي الجسمي (21) أضيف إليه كروموسوم ثالث، وسبب هذا حدوث خلل أثناء الانقسام المنصف في الخلايا الجنسية عند أحد الآباء، فينتج غاميت يحتوي على (24) كروموسوماً، وعندما يخصب بغاميت يحتوي العدد الطبيعي (23) كروموسوماً، ينتج فرد تحتوي خلاياه على (47) كروموسوماً.
وقد تم اكتشاف أول حالة عام 1866م، من قبل العالم (لانغدون داون).","ينتج عن الانقسام المنصف لخلية تناسلية أربع خلايا، تحتوي كل منها على نصف العدد الأصلي من الكروموسومات في الخلية الأم وتسمى غاميتات، ويسهم هذا النوع من الانقسام في ثبات عدد الكروموسومات في خلايا النوع الواحد من الكائنات الحية.
متلازمة داون وقصة نجاح فلسطينية
هبة الشرفا فتاة فلسطينية من مدينة غزة، مصابة بمتلازمة داون، حصلت على وسام معلمة للمرحلة الأساسية؛ لإسهامها في تعليم الطلبة في جمعية «الحق في الحياة»، مع أنها لم تكمل دراستها، إلا أنها استطاعت أن تكون عضواً فاعلاً في المجتمع، وتركت أثراً إيجابياً في تعليم ذوي صعوبات التعلم.
إن عدد الكروموسومات في أنوية خلايا الكائن الحي ثابت، وأي تغير في عددها، نقص أو زيادة، يحدث تغيراً في صفات الكائن الحي وهو ما يسمى بالطفرة ففي كل خلية من
خلايا الإنسان العادي (46) كروموسوماً، ولكن يولد بعض الأطفال وعندهم زيادة كروموسوم فتحتوي كل خلية من خلايا الجسم على (47) كروموسوماً، ويطلق عليهم متلازمة داون.
تظهر على المصاب بمتلازمة داون بعض الصفات المظهرية الآتية: وجود ثنية إضافية في جفن العين، قصر القامة، رؤوسهم منبسطة، جبهتهم بارزة، لسانهم كبير الحجم، ذو أيد وأقدام قصيرة، يعاني معظمهم من صعوبات في التعلم.
هل التقيت شخصاً مصاباً بمتلازمة داون؟
كيف يمكنك مساعدتهم في الاندماج في المجتمع؟
نشاط (7) التعلم بالحياة
تحدث عن بعض حالات متلازمة داون، التي لها دور إيجابي في المجتمع.
لاحظ خريطة الكروموسومات لشخص مصاب بمتلازمة داون. استنتج سبب الاختلاف، ومكانه.
تظهر خريطة الكروموسومات وجود كروموسوم ثالث ضمن الزوج الكروموسومي الجسمي رقم (21).
لعلك لاحظت من الشكل المجاور أن الزوج الكروموسومي الجسمي (21) أضيف إليه كروموسوم ثالث، وسبب هذا حدوث خلل أثناء الانقسام المنصف في الخلايا الجنسية عند أحد الآباء، فينتج غاميت يحتوي على (24) كروموسوماً، وعندما يخصب بغاميت يحتوي العدد الطبيعي (23) كروموسوماً، ينتج فرد تحتوي خلاياه على (47) كروموسوماً.
وقد تم اكتشاف أول حالة عام 1866م، من قبل العالم (لانغدون داون)."
