model_id,model_name,configuration,overlap_setting,number_of_chunks,number_of_queries,top_k,ranked_records,runtime_seconds
E1,sentence-transformers/paraphrase-multilingual-MiniLM-L12-v2,A_Fine,O0,17,12,3,36,3.922
E1,sentence-transformers/paraphrase-multilingual-MiniLM-L12-v2,A_Fine,O1,17,12,3,36,1.661
E1,sentence-transformers/paraphrase-multilingual-MiniLM-L12-v2,B_Baseline,O0,11,12,3,36,1.178
E1,sentence-transformers/paraphrase-multilingual-MiniLM-L12-v2,B_Baseline,O1,11,12,3,36,1.147
E1,sentence-transformers/paraphrase-multilingual-MiniLM-L12-v2,C_Broad,O0,9,12,3,36,1.018
E1,sentence-transformers/paraphrase-multilingual-MiniLM-L12-v2,C_Broad,O1,9,12,3,36,1.003
E2,intfloat/multilingual-e5-base,A_Fine,O0,17,12,3,36,12.628
E2,intfloat/multilingual-e5-base,A_Fine,O1,17,12,3,36,15.05
E2,intfloat/multilingual-e5-base,B_Baseline,O0,11,12,3,36,11.479
E2,intfloat/multilingual-e5-base,B_Baseline,O1,11,12,3,36,13.81
E2,intfloat/multilingual-e5-base,C_Broad,O0,9,12,3,36,11.951
E2,intfloat/multilingual-e5-base,C_Broad,O1,9,12,3,36,12.407
E3,BAAI/bge-m3,A_Fine,O0,17,12,3,36,38.865
E3,BAAI/bge-m3,A_Fine,O1,17,12,3,36,50.01
E3,BAAI/bge-m3,B_Baseline,O0,11,12,3,36,38.425
E3,BAAI/bge-m3,B_Baseline,O1,11,12,3,36,46.524
E3,BAAI/bge-m3,C_Broad,O0,9,12,3,36,39.556
E3,BAAI/bge-m3,C_Broad,O1,9,12,3,36,45.534
